N,P,K,temperature,humidity,ph,rainfall,label
90.0,42.0,43.0,20.87974371,82.00274423,6.502985292000001,202.9355362,rice
85.0,58.0,41.0,21.77046169,80.31964408,7.038096361,226.6555374,rice
60.0,55.0,44.0,23.00445915,82.3207629,7.840207144,263.9642476,rice
74.0,35.0,40.0,26.49109635,80.15836264,6.980400905,242.8640342,rice
78.0,42.0,42.0,20.13017482,81.60487287,7.628472891,262.7173405,rice
69.0,37.0,42.0,23.05804872,83.37011772,7.073453503,251.0549998,rice
69.0,55.0,38.0,22.70883798,82.63941394,5.70080568,271.3248604,rice
94.0,53.0,40.0,20.27774362,82.89408619,5.718627177999999,241.9741949,rice
89.0,54.0,38.0,24.51588066,83.53521629999999,6.685346424,230.4462359,rice
68.0,58.0,38.0,23.22397386,83.03322691,6.336253525,221.2091958,rice
91.0,53.0,40.0,26.52723513,81.41753846,5.386167788,264.6148697,rice
90.0,46.0,42.0,23.97898217,81.45061596,7.50283396,250.0832336,rice
78.0,58.0,44.0,26.80079604,80.88684822,5.108681786,284.4364567,rice
93.0,56.0,36.0,24.01497622,82.05687182,6.98435366,185.2773389,rice
94.0,50.0,37.0,25.66585205,80.66385045,6.94801983,209.5869708,rice
60.0,48.0,39.0,24.28209415,80.30025587,7.042299068999999,231.0863347,rice
85.0,38.0,41.0,21.58711777,82.7883708,6.2490506560000005,276.65524589999995,rice
91.0,35.0,39.0,23.79391957,80.41817957,6.970859754,206.2611855,rice
77.0,38.0,36.0,21.8652524,80.1923008,5.953933276,224.55501690000003,rice
88.0,35.0,40.0,23.57943626,83.58760316,5.85393208,291.2986618000001,rice
89.0,45.0,36.0,21.32504158,80.47476396,6.442475375,185.4974732,rice
76.0,40.0,43.0,25.15745531,83.11713476,5.070175667,231.3843163,rice
67.0,59.0,41.0,21.94766735,80.97384195,6.012632591,213.3560921,rice
83.0,41.0,43.0,21.0525355,82.67839517,6.254028451,233.1075816,rice
98.0,47.0,37.0,23.48381344,81.33265073,7.375482851,224.0581164,rice
66.0,53.0,41.0,25.0756354,80.52389148,7.778915154,257.0038865,rice
97.0,59.0,43.0,26.35927159,84.04403589,6.2865001760000006,271.35861370000003,rice
97.0,50.0,41.0,24.52922681,80.54498576,7.070959995,260.2634026,rice
60.0,49.0,44.0,20.77576147,84.49774397,6.244841491,240.0810647,rice
84.0,51.0,35.0,22.30157427,80.64416466,6.043304899,197.9791215,rice
73.0,57.0,41.0,21.44653958,84.94375962,5.824709117,272.2017204,rice
92.0,35.0,40.0,22.17931888,80.33127223,6.3573893660000005,200.0882787,rice
85.0,37.0,39.0,24.52783742,82.73685569,6.364134967999999,224.67572310000003,rice
98.0,53.0,38.0,20.26707606,81.63895217,5.01450727,270.4417274,rice
88.0,54.0,44.0,25.7354293,83.88266234,6.149410611,233.1321372,rice
95.0,55.0,42.0,26.79533926,82.1480873,5.950660556,193.3473987,rice
99.0,57.0,35.0,26.75754171,81.17734011,5.960370061,272.29990560000005,rice
95.0,39.0,36.0,23.86330467,83.15250801,5.561398642,285.2493645,rice
60.0,43.0,44.0,21.01944696,82.95221726,7.416245107000001,298.40184710000005,rice
63.0,44.0,41.0,24.17298839,83.7287574,5.583370042,257.0343554,rice
62.0,42.0,36.0,22.78133816,82.06719137,6.430010215,248.7183228,rice
64.0,45.0,43.0,25.62980105,83.52842314,5.534878156,209.9001977,rice
83.0,60.0,36.0,25.59704938,80.14509262,6.903985986,200.834898,rice
82.0,40.0,40.0,23.83067496,84.81360127,6.271478837999999,298.5601175,rice
85.0,52.0,45.0,26.31355498,82.36698992,7.224285503,265.5355937,rice
91.0,35.0,38.0,24.8972823,80.52586088,6.13428721,183.6793207,rice
76.0,49.0,42.0,24.958779,84.47963372,5.206373153,196.95600080000003,rice
74.0,39.0,38.0,23.24113501,84.59201843,7.782051312999999,233.0453455,rice
79.0,43.0,39.0,21.66628296,80.70960551,7.062779015,210.8142087,rice
88.0,55.0,45.0,24.63544858,80.41363018,7.730367824,253.7202781,rice
60.0,36.0,43.0,23.43121862,83.06310136,5.286203711000001,219.9048349,rice
76.0,60.0,39.0,20.0454142,80.3477562,6.766240045,208.5810155,rice
93.0,56.0,42.0,23.85724032,82.22572988,7.382762603,195.0948311,rice
65.0,60.0,43.0,21.97199397,81.89918197,5.658169482000001,227.3637009,rice
95.0,52.0,36.0,26.22916897,83.83625819,5.543360237999999,286.5083725,rice
75.0,38.0,39.0,23.44676801,84.79352417,6.215109715,283.9338466,rice
74.0,54.0,38.0,25.65553461,83.47021081,7.120272972,217.3788583,rice
91.0,36.0,45.0,24.44345477,82.45432595,5.950647577000001,267.97619480000003,rice
71.0,46.0,40.0,20.2801937,82.1235421,7.236705436,191.9535738,rice
99.0,55.0,35.0,21.7238313,80.2389895,6.501697816,277.9626192,rice
72.0,40.0,38.0,20.41447029,82.20802629,7.592490617,245.1511304,rice
83.0,58.0,45.0,25.75528612,83.51827127,5.875345751,245.6626799,rice
93.0,58.0,38.0,20.61521424,83.77345559,6.932400225,279.5451717,rice
70.0,36.0,42.0,21.84106875,80.72886384,6.9462098810000015,202.3838319,rice
76.0,47.0,42.0,20.08369642,83.29114712,5.739175027000001,263.6372176,rice
99.0,41.0,36.0,24.45802087,82.74835604,6.738652179,182.5616319,rice
99.0,54.0,37.0,21.14347496,80.33502926,5.5948196260000005,198.6730942,rice
86.0,59.0,35.0,25.78720567,82.11124033,6.946636369,243.5120414,rice
69.0,46.0,41.0,23.64124821,80.28597873,5.012139669,263.1103304,rice
91.0,56.0,37.0,23.43191632,80.56887849,6.363472207999999,269.5039162,rice
61.0,52.0,41.0,24.97669518,83.891805,6.880431223,204.8001847,rice
67.0,45.0,38.0,22.72791041,82.17068809999998,7.300410836,260.8875056,rice
79.0,42.0,37.0,24.87300744,82.84022551,6.587918707999999,295.6094492000001,rice
78.0,43.0,42.0,21.32376327,83.00320459,7.283736617000001,192.3197536,rice
75.0,54.0,36.0,26.29465461,84.56919326,7.023936392,257.4914906,rice
97.0,36.0,45.0,22.2286982,81.85872947,6.939083505,278.0791793,rice
67.0,47.0,44.0,26.73072391,81.78596776,7.868474653,280.4044392,rice
73.0,35.0,38.0,24.88921174,81.97927117,5.005306977,185.9461429,rice
77.0,36.0,37.0,26.88444878,81.46033732,6.136131869,194.5766559,rice
81.0,41.0,38.0,22.67846116,83.72874389,7.5240800760000015,200.9133156,rice
68.0,57.0,43.0,26.08867875,80.37979919,5.706943251,182.9043504,rice
72.0,45.0,35.0,25.42977518,82.94682591,5.758506323,195.3574542,rice
61.0,53.0,43.0,26.40323239,81.05635517,6.349606327,223.3671883,rice
67.0,43.0,39.0,26.04371967,84.96907151,5.9999690260000005,186.7536773,rice
67.0,58.0,39.0,25.2827223,80.54372813,5.453592032,220.1156708,rice
66.0,60.0,38.0,22.08576562,83.47038318,6.372576327000001,231.7364957,rice
82.0,43.0,38.0,23.28617173,81.43321641,5.105588355,242.3170629,rice
84.0,50.0,44.0,25.48591986,81.40633547,5.9353444060000005,182.6549356,rice
81.0,53.0,42.0,23.67575393,81.03569343,5.17782304,233.7034975,rice
91.0,50.0,40.0,20.82477109,84.1341879,6.462391607000001,230.22422230000004,rice
93.0,53.0,38.0,26.92995077,81.91411159,7.069172227,290.67937830000005,rice
90.0,44.0,38.0,23.83509503,83.88387074,7.473134377,241.20135130000003,rice
81.0,45.0,35.0,26.52872817,80.12267476,6.158376967000001,218.9163567,rice
78.0,40.0,38.0,26.46428311,83.85642678,7.549873681,248.2256491,rice
60.0,51.0,36.0,22.69657794,82.81088865,6.028321557999999,256.9964761,rice
88.0,46.0,42.0,22.68319059,83.46358271,6.604993475,194.2651719,rice
93.0,47.0,37.0,21.53346343,82.14004101,6.500343222000001,295.9248796,rice
60.0,55.0,45.0,21.40865769,83.32931909999998,5.935745417000001,287.5766935000001,rice
78.0,35.0,44.0,26.54348085,84.67353597,7.072655622,183.6222657,rice
65.0,37.0,40.0,23.35905428,83.59512273,5.333322606,188.413665,rice
71.0,54.0,16.0,22.61359953,63.69070564,5.7499144210000015,87.75953857,maize
61.0,44.0,17.0,26.10018422,71.57476937,6.931756557999999,102.2662445,maize
80.0,43.0,16.0,23.55882094,71.59351368,6.657964753,66.71995467,maize
73.0,58.0,21.0,19.97215954,57.68272924,6.596060648,60.65171481,maize
61.0,38.0,20.0,18.47891261,62.69503871,5.970458434,65.43835393,maize
68.0,41.0,16.0,21.77689322,57.80840636,6.158830619,102.0861694,maize
93.0,41.0,17.0,25.6217169,66.50415474,6.047906679,105.4654703,maize
89.0,60.0,19.0,25.19192419,66.69029010000001,5.913664501,78.06639649,maize
76.0,44.0,17.0,20.41683147,62.55424820000001,5.855442401,65.27798457,maize
67.0,60.0,25.0,24.92162194,66.78627406,5.750254943,109.2162279,maize
70.0,44.0,19.0,23.31689124,73.4541537,5.852607099,94.29712821,maize
90.0,49.0,21.0,24.84016732,68.3584573,6.4725232870000005,74.05474936,maize
62.0,52.0,16.0,22.27526694,58.84015925,6.9670577620000005,63.87020584,maize
92.0,44.0,16.0,18.87751445,65.76816093,6.082973754,94.76189431,maize
66.0,54.0,21.0,25.19008683,60.200168700000006,5.919045532,72.12375573,maize
63.0,58.0,22.0,18.25405352,55.28220433,6.204747652999999,63.72358154,maize
70.0,47.0,17.0,24.612911800000006,70.4162444,6.600827017,104.1626147,maize
61.0,41.0,17.0,25.1420613,65.26185135,6.021902237000001,76.68456006,maize
66.0,53.0,19.0,23.09348056,60.11593810000001,6.033550195,65.49730729,maize
74.0,55.0,19.0,18.05033737,62.89366992,6.28886807,84.23613484,maize
77.0,57.0,21.0,24.9321581,73.80435276,6.550563822999999,79.74078719,maize
99.0,50.0,15.0,18.14710054,71.09445342,5.573286437,88.07753741,maize
74.0,56.0,22.0,18.28362235,66.65952796,6.829199275,80.97573281,maize
83.0,45.0,21.0,18.83344471,58.75082029,5.716222912,79.75328959999999,maize
100.0,48.0,16.0,25.71895816,67.22190688,5.54990242,74.51490791,maize
79.0,51.0,16.0,25.33797709,68.49835977,6.586244581,96.46380213,maize
94.0,39.0,18.0,23.89114571,57.48775781,5.893093135,102.8301942,maize
75.0,49.0,15.0,21.53574127,71.50905983,5.918263801,102.4852929,maize
78.0,48.0,22.0,23.08974909,63.10459626,5.588650585,70.43473609,maize
87.0,54.0,20.0,25.61707368,63.4711755,6.576418207000001,108.8303762,maize
87.0,35.0,25.0,21.44526922,63.1621551,6.178056304,65.88951188,maize
63.0,43.0,19.0,18.51816776,55.53128131,6.641906353,90.988051,maize
84.0,57.0,25.0,22.53510514,67.99257471,6.489040367,64.40866039,maize
64.0,35.0,23.0,23.02038334,61.89472002,5.680361037999999,63.03843397,maize
60.0,46.0,22.0,24.89364635,65.61418761,6.625404347999999,87.9298085,maize
98.0,44.0,21.0,25.77175115,74.089114,6.524478032,107.4931917,maize
75.0,56.0,18.0,19.39851734,62.35750641,5.696205468,60.95197486,maize
86.0,55.0,21.0,21.54156232,59.64024162,6.803931519,109.7515385,maize
98.0,35.0,18.0,23.79746068,74.82913698,6.252797547999999,91.76337172,maize
76.0,57.0,18.0,18.9802729,74.52600826,6.092725883,94.26249353,maize
99.0,56.0,17.0,24.10859207,73.13112261,6.234330356,71.07562236,maize
60.0,44.0,23.0,24.7947077,70.04556743,5.722579819,76.72860067,maize
74.0,48.0,17.0,21.63162756,60.27766379,6.430616465,69.21803098,maize
89.0,60.0,17.0,25.37548751,57.21025565,5.983952675,101.7004306,maize
69.0,51.0,23.0,22.21738222,72.85462807,6.80163854,106.6213157,maize
96.0,46.0,22.0,20.58314011,69.00128641,6.499936446,66.29390357,maize
61.0,60.0,15.0,24.87502824,68.74248334,6.265564338,91.26056654,maize
74.0,58.0,18.0,20.03728219,56.35606753,6.727303282,109.024141,maize
74.0,43.0,23.0,25.95263264,61.89082199,6.325235159,99.57981207,maize
63.0,43.0,17.0,19.28889933,65.47050802,6.807487794,71.3195307,maize
99.0,36.0,20.0,20.57981887,65.34583901,6.671085817000001,78.34604471,maize
77.0,36.0,23.0,24.71417533,56.73426469,6.648725327,88.45361858,maize
87.0,60.0,23.0,20.27317074,63.91281869,6.439071996,62.50351892,maize
60.0,38.0,17.0,18.41932981,64.23580251,6.474476516,76.41312437,maize
94.0,54.0,17.0,23.39128187,61.74427165,5.871647806,107.3198135,maize
95.0,38.0,22.0,19.84939404,61.24500053,5.730617109,100.7689246,maize
84.0,44.0,21.0,21.869274,61.91044947,5.850439831,107.2681929,maize
77.0,58.0,19.0,22.8056033,56.50768935,5.791649933,101.5952794,maize
66.0,44.0,20.0,19.0781471,69.02298571,6.740000687999999,80.72515943,maize
63.0,35.0,16.0,22.02720976,65.35549924,6.272417541,83.73280082,maize
79.0,45.0,20.0,23.80546189,59.24537979,5.715208817000001,89.96220140000001,maize
72.0,60.0,25.0,18.52510753,69.0276233,5.773454729,88.10234397,maize
67.0,51.0,24.0,23.50297882,61.32026065,5.584171461,64.77791424,maize
86.0,36.0,24.0,26.54986394,72.89187265,5.787268394,73.33636055,maize
76.0,48.0,18.0,19.29563411,69.63481219,5.77597783,83.21030571,maize
75.0,53.0,18.0,20.68899915,59.4375337,6.864793607,103.651438,maize
81.0,45.0,23.0,19.32666088,68.03449300000001,6.192360002999999,84.22969177,maize
73.0,45.0,21.0,24.60532218,73.58868502,6.636803222999999,96.59195302,maize
71.0,35.0,24.0,22.27373646,59.52193158,5.826426917,67.96704792,maize
96.0,54.0,22.0,25.70196694,61.33450447,6.960358276,83.20711308,maize
99.0,39.0,18.0,19.20129357,68.30578978,6.11275104,87.85092352,maize
62.0,48.0,20.0,21.70181447,60.47470519,6.708446922,95.71388473,maize
86.0,37.0,16.0,20.51716779,59.21235483,5.561510732,67.61013737,maize
94.0,50.0,19.0,23.30355338,73.62548442,5.873242491,97.59081274,maize
76.0,39.0,24.0,24.2547451,55.64709899,6.995843776,64.23845455,maize
77.0,52.0,17.0,24.86374934,65.7420046,5.714799723,75.82270467,maize
74.0,39.0,23.0,22.6265115,65.77472881,6.78073637,88.17251033,maize
81.0,49.0,20.0,18.04185513,60.61494304,5.513697923,104.2321615,maize
63.0,42.0,21.0,23.26237612,72.33125523,5.798423907999999,67.10225139,maize
99.0,38.0,21.0,22.88330922,71.59722446,6.352471866,67.72777298,maize
90.0,52.0,25.0,25.97482359,69.36385721,6.822586546,103.2234212,maize
68.0,40.0,19.0,26.14384005,66.20569924,6.655426355,107.2361366,maize
60.0,57.0,24.0,18.66116213,61.55327249,6.1212940410000005,75.03247667,maize
71.0,52.0,18.0,25.10787449,55.97732754,5.790770202999999,78.16077693,maize
61.0,59.0,17.0,23.33844615,59.24580604,6.47444292,105.0083144,maize
88.0,38.0,15.0,25.08239719,65.92195844,6.455116637000001,62.49190812,maize
65.0,60.0,22.0,25.36768364,72.52054555,6.6069840860000015,107.9124111,maize
78.0,37.0,22.0,25.34217103,63.31801994,6.330554389,74.52082026,maize
78.0,58.0,15.0,25.00933355,67.816568,6.5286312660000005,62.91359494,maize
92.0,60.0,23.0,18.66746724,71.516474,5.721667141,69.93293255,maize
79.0,59.0,17.0,20.37999665,63.73849998,6.644205485,108.5054416,maize
91.0,55.0,15.0,18.09300227,72.61024172,6.376651091,78.96159541,maize
76.0,51.0,18.0,26.16985907,71.96246617,6.247040422,79.84925393,maize
87.0,48.0,25.0,18.65396672,61.37879671,6.656730007999999,93.62039175,maize
71.0,60.0,22.0,26.07470121,59.37147589,6.2048017,85.75692395,maize
90.0,57.0,24.0,18.92851916,72.80086137,6.158860284,82.34162918,maize
67.0,35.0,22.0,23.30546753,63.24648023,6.385684213999999,108.7603001,maize
60.0,54.0,19.0,18.74826712,62.49878458,6.417820493,70.23401597,maize
83.0,58.0,23.0,19.74213321,59.66263104,6.381201909,65.50861389,maize
83.0,57.0,19.0,25.73044432,70.74739256,6.877869005,98.73771338,maize
40.0,72.0,77.0,17.02498456,16.98861173,7.485996067,88.55123143,chickpea
23.0,72.0,84.0,19.02061277,17.13159126,6.920251378,79.92698081,chickpea
39.0,58.0,85.0,17.88776475,15.40589717,5.9969320370000005,68.54932919,chickpea
22.0,72.0,85.0,18.86805647,15.65809214,6.391173589,88.51048983,chickpea
36.0,67.0,77.0,18.36952567,19.56381041,7.152811172000001,79.26357665,chickpea
32.0,73.0,81.0,20.45078582,15.40312102,5.988992796000002,92.68373702,chickpea
58.0,70.0,84.0,20.6543203,16.60820843,6.231049027999999,74.6631118,chickpea
59.0,70.0,84.0,17.3348681,18.74926979,7.550808267000001,82.61734721,chickpea
42.0,62.0,75.0,18.17912258,18.90426935,7.010570541,81.84997529,chickpea
28.0,74.0,81.0,18.01272266,18.30968112,8.753795334,81.98568791,chickpea
58.0,66.0,79.0,20.99373558,19.33470387,8.718192847000001,93.55280105,chickpea
43.0,66.0,79.0,19.46233971,15.22538951,7.976607593,74.58565097,chickpea
58.0,63.0,81.0,19.81344531,14.69765308,6.515499548999999,78.96514709,chickpea
23.0,62.0,85.0,18.97424756,19.5161216,8.490127142,80.7108745,chickpea
27.0,62.0,77.0,18.19737048,14.71070537,6.576415562,70.18185181,chickpea
28.0,72.0,84.0,18.72963144,19.18197264,6.481783042999999,71.58010169,chickpea
50.0,56.0,76.0,20.99502153,19.8601304,7.966605025,73.50734019,chickpea
39.0,71.0,84.0,20.28155898,16.39535215,8.140825437,82.52339655,chickpea
25.0,78.0,76.0,17.48042641,15.7559405,7.228963452,66.96980581,chickpea
31.0,70.0,77.0,20.88818675,14.32313811,6.492546046,90.46228334,chickpea
26.0,80.0,83.0,17.08498521,16.14565756,7.528599957000001,71.31007253,chickpea
25.0,68.0,77.0,20.09340593,15.11279612,7.701446446,85.74904898,chickpea
31.0,78.0,76.0,17.57212145,14.99927489,8.519975748,89.31050665,chickpea
60.0,68.0,83.0,19.12065218,18.43475844,6.620900869,85.52950164,chickpea
59.0,62.0,83.0,18.57665902,19.22008229,8.104396057999999,72.94940441,chickpea
22.0,67.0,78.0,17.16606398,14.42457525,6.204090835,72.32667516,chickpea
36.0,65.0,80.0,18.2872007,16.67921616,6.051091339,74.87445574,chickpea
59.0,60.0,84.0,19.03025305,18.66725565,7.690962337999999,94.70992037,chickpea
54.0,77.0,85.0,17.141861399999996,17.0662427,7.8292111439999985,83.74606679,chickpea
43.0,68.0,81.0,17.47809436,17.93253975,6.761599706,78.92060234,chickpea
28.0,76.0,82.0,20.56601874,14.25803981,6.654425315,83.75937135,chickpea
42.0,79.0,85.0,17.22385224,15.82069268,6.129533877,76.57580954,chickpea
32.0,60.0,83.0,19.69141713,19.44225438,8.829273328,91.76071648,chickpea
22.0,78.0,76.0,17.84851658,19.09172907,8.621662982,76.32470713,chickpea
31.0,79.0,75.0,18.8202251,16.1074793,8.204862075,89.73119396,chickpea
28.0,58.0,81.0,17.47500984,16.54314829,6.18042747,93.35034262,chickpea
57.0,58.0,77.0,18.72649425,17.58406365,7.978996755,81.20176515,chickpea
49.0,55.0,78.0,18.65580107,16.17772668,7.863113671,81.70769297,chickpea
46.0,76.0,77.0,18.2356751,19.68538502,6.967843048,83.74879344,chickpea
54.0,61.0,77.0,18.81198127,15.21618225,6.206582192999999,77.54294240000002,chickpea
38.0,60.0,76.0,18.65054116,17.80852431,8.868741443,77.92798682,chickpea
59.0,55.0,79.0,20.36720401,16.89574311,8.766128654,82.2545577,chickpea
36.0,76.0,75.0,18.38120357,16.63805158,8.736337905,70.52056697,chickpea
57.0,68.0,81.0,17.17012591,17.30457712,8.081095263,72.78624223,chickpea
35.0,66.0,81.0,19.37101121,15.77458129,6.138243973,85.24819851,chickpea
35.0,64.0,78.0,17.92845928,14.27327988,7.496645259,85.37378769,chickpea
52.0,60.0,79.0,19.45339934,18.23490739,8.380185271,75.6317566,chickpea
27.0,76.0,83.0,19.12829388,14.92241479,6.289614016,89.61857826,chickpea
57.0,60.0,84.0,19.1034283,17.26184541,6.586777189,75.49101167,chickpea
52.0,68.0,78.0,17.48504075,16.96070581,6.89655198,86.05078037,chickpea
43.0,79.0,79.0,19.40751744,18.98030507,7.8067476560000015,80.25064637,chickpea
44.0,74.0,85.0,20.18649426,19.63719995,7.150681303,78.26039559,chickpea
24.0,55.0,78.0,17.30287885,15.15405941,6.64919573,75.57790384,chickpea
29.0,77.0,75.0,17.50361137,15.48083156,7.778591617999999,72.9446671,chickpea
20.0,60.0,78.0,18.17234999,14.70085967,6.358740355,90.7760707,chickpea
56.0,67.0,78.0,17.57445618,16.71826572,8.255450758,77.81891424,chickpea
37.0,66.0,85.0,20.93175255,18.91295403,6.456148474,78.06910795,chickpea
49.0,71.0,76.0,19.71098332,17.63879418,6.613072145,85.57925437,chickpea
59.0,69.0,80.0,19.07937684,17.86754927,8.165359297,69.40619137,chickpea
20.0,79.0,77.0,18.54988627,16.02542689,7.64867466,76.32565249,chickpea
24.0,56.0,85.0,18.19903647,17.41333199,6.545888558,80.6405403,chickpea
51.0,72.0,75.0,18.88852533,14.99451145,7.1042247970000005,80.11133840000002,chickpea
57.0,73.0,85.0,18.49311205,14.72115044,7.358099622,91.94595352,chickpea
22.0,64.0,82.0,19.48974337,17.17260319,6.4740245000000005,87.51312796,chickpea
52.0,73.0,79.0,17.25769499,18.74943955,7.840339388999999,94.00287214,chickpea
29.0,75.0,75.0,19.62416326,18.71483156,7.064790365,88.4585692,chickpea
44.0,59.0,78.0,20.67526473,19.85388984,7.599033472,84.78344008,chickpea
41.0,69.0,82.0,20.02381489,16.63294455,6.715587232000001,68.97806542,chickpea
52.0,56.0,85.0,20.118744600000007,14.44228303,6.81712422,88.68168643,chickpea
34.0,76.0,80.0,20.65691793,15.84572566,7.985417393,65.23811143,chickpea
42.0,74.0,83.0,19.2582557,14.2804191,7.545258424,65.78042032,chickpea
34.0,71.0,79.0,17.927806,15.85622899,7.728998197,74.63872762,chickpea
27.0,73.0,79.0,19.16288268,15.83500655,7.354973451,82.69766829,chickpea
30.0,70.0,79.0,20.26942271,19.96978871,7.313122235,69.64449182,chickpea
57.0,57.0,75.0,17.09104223,18.25142068,7.785039076,87.27444866,chickpea
27.0,79.0,82.0,17.06579293,17.54024066,6.307004922999999,70.87150577,chickpea
32.0,71.0,85.0,20.62767492,14.44008871,6.4039823160000005,92.06630306,chickpea
31.0,76.0,82.0,20.8248451,17.85057083,7.599279991,79.20509212,chickpea
33.0,75.0,84.0,19.46210401,18.72831993,7.217018459,68.81405149,chickpea
47.0,80.0,77.0,17.18248372,16.42891834,7.561108006,72.85017344,chickpea
54.0,62.0,80.0,17.48911699,16.39055394,7.489545074,79.45758333,chickpea
47.0,79.0,78.0,17.48395377,14.76014523,6.609696734,65.11365631,chickpea
35.0,57.0,83.0,19.48316794,17.44534641,7.476800943,80.4986291,chickpea
53.0,73.0,77.0,19.71359733,18.09665739,7.325451279,73.64476535,chickpea
45.0,61.0,78.0,19.48649305,16.06240074,6.489389282,81.52842690000001,chickpea
37.0,78.0,79.0,19.95264829,14.82633099,7.786366322,88.6810311,chickpea
30.0,75.0,81.0,19.41789736,16.80472243,6.4084378860000015,68.4951189,chickpea
37.0,55.0,82.0,19.45591848,18.02235902,8.423873703,78.44910564,chickpea
53.0,65.0,76.0,20.19137759,16.41998269,8.719960893,77.33795356,chickpea
22.0,60.0,85.0,18.8392908,14.74071856,7.811997977000001,94.78189594,chickpea
60.0,61.0,78.0,20.71219282,19.83643308,6.317153205,94.03659867,chickpea
42.0,67.0,77.0,18.99424448,15.9362937,7.114405288,78.69707199,chickpea
39.0,76.0,76.0,19.96837462,15.57324389,8.135900726000001,69.15759062,chickpea
35.0,63.0,76.0,17.81564548,17.60756635,7.714153037999999,90.82097601,chickpea
30.0,65.0,82.0,20.71424384,15.27824066,7.103798069,76.77888672,chickpea
57.0,56.0,78.0,17.34150229,18.75626255,8.861479668,67.9545435,chickpea
48.0,65.0,78.0,17.43732714,14.33847406,7.861128148,73.0926704,chickpea
36.0,56.0,83.0,18.89780215,19.76182946,7.4526709,69.09512477,chickpea
40.0,58.0,75.0,18.59190771,14.77959596,7.168096055,89.60982451,chickpea
49.0,69.0,82.0,18.31561493,15.36143547,7.26311855,81.78710463,chickpea
13.0,60.0,25.0,17.13692774,20.59541693,5.68597166,128.256862,kidneybeans
25.0,70.0,16.0,19.63474332,18.90705639,5.759237003,106.3598183,kidneybeans
31.0,55.0,22.0,22.91350245,21.33953114,5.873171894,109.225556,kidneybeans
40.0,64.0,16.0,16.43340342,24.24045875,5.926676985,140.3717815,kidneybeans
2.0,61.0,20.0,22.13974653,23.02251117,5.95561668,76.64128258,kidneybeans
26.0,65.0,22.0,17.84806561,18.77621951,5.9499490810000015,143.09841709999995,kidneybeans
17.0,57.0,21.0,19.88394011,20.31564139,5.789214288999999,60.91974792,kidneybeans
26.0,80.0,18.0,19.32509638,23.3334788,5.581021521,104.7783947,kidneybeans
17.0,59.0,17.0,18.416700100000003,23.42829938,5.689858133,132.9801054,kidneybeans
27.0,59.0,22.0,21.81167649,23.20591245,5.794158503999999,130.0608093,kidneybeans
28.0,58.0,24.0,19.72702528,18.28173015,5.748190462999999,143.7630894,kidneybeans
25.0,57.0,19.0,17.15432954,19.87070659,5.566522896,87.99669731,kidneybeans
28.0,80.0,17.0,19.62207826,18.67170854,5.809419584,144.1567454,kidneybeans
25.0,60.0,22.0,21.63149148,21.17919701,5.887263027,134.3649948,kidneybeans
12.0,78.0,23.0,16.06522754,18.72479695,5.99812453,88.06638775,kidneybeans
6.0,77.0,25.0,20.61162204,24.36314135,5.792744849,69.63833855,kidneybeans
22.0,79.0,17.0,21.42451099,20.39659714,5.912289889,116.5206923,kidneybeans
27.0,80.0,15.0,19.07096165,21.21092266,5.7883869510000014,86.21917578,kidneybeans
10.0,55.0,23.0,21.18853178,19.63438599,5.728233081,137.1948633,kidneybeans
23.0,65.0,20.0,23.0429097,22.42610972,5.833940084,108.3684316,kidneybeans
19.0,78.0,16.0,20.65375833,23.10538637,5.967533236,67.71768947,kidneybeans
19.0,65.0,25.0,18.09551014,18.29318436,5.6250964460000015,144.7902323,kidneybeans
22.0,70.0,19.0,18.23775702,21.07643273,5.515615023,69.44951585,kidneybeans
37.0,64.0,22.0,17.48189735,18.8251973,5.954665349,121.9401369,kidneybeans
11.0,71.0,17.0,19.9191786,21.47324158,5.74644777,82.68554379,kidneybeans
18.0,79.0,20.0,20.27514686,23.2353604,5.877347515,139.7521543,kidneybeans
21.0,63.0,17.0,15.77370214,19.2303162,5.979973965,108.3441414,kidneybeans
24.0,80.0,22.0,16.71170642,19.17651433,5.635993966,96.77285817,kidneybeans
34.0,60.0,22.0,17.66148158,18.15302753,5.635231778,100.6711761,kidneybeans
16.0,75.0,21.0,18.50692825,23.61670065,5.679224346,87.05132890000002,kidneybeans
17.0,77.0,23.0,24.51324787,20.81527638,5.670062975,64.19497947,kidneybeans
37.0,72.0,18.0,18.87614998,24.54038287,5.724242065,105.4120514,kidneybeans
40.0,73.0,20.0,21.59343016,20.31871249,5.811314232000001,61.13872036,kidneybeans
9.0,77.0,17.0,20.12373284,24.45202552,5.783425416,106.158201,kidneybeans
1.0,62.0,23.0,15.43546065,18.37477907,5.607808432000001,139.0302034,kidneybeans
33.0,59.0,22.0,22.64236876,21.59396123,5.946999529,122.3886015,kidneybeans
23.0,59.0,19.0,21.98560799,24.87304788,5.852046999,129.5650601,kidneybeans
6.0,62.0,22.0,20.53052663,18.09224048,5.824090984,120.4509288,kidneybeans
25.0,63.0,20.0,15.78601387,21.14544088,5.502999119,95.17028129,kidneybeans
7.0,79.0,23.0,19.6365349,19.68751084,5.821649914,96.65888933,kidneybeans
8.0,72.0,17.0,20.57341244,19.7520218,5.711439256,87.87869161,kidneybeans
27.0,64.0,15.0,20.16080524,24.84207559,5.514927264,138.2362122,kidneybeans
28.0,66.0,23.0,21.53989176,24.25386207,5.99616119,120.6913038,kidneybeans
32.0,57.0,18.0,15.53834801,23.75560241,5.695422862999999,107.3850593,kidneybeans
27.0,56.0,22.0,19.91853092,20.70099804,5.833010957999999,108.6434544,kidneybeans
17.0,77.0,24.0,20.76952209,18.93146941,5.568456899,109.0193712,kidneybeans
0.0,65.0,15.0,23.46168338,23.22197648,5.645435626,95.84253438,kidneybeans
13.0,72.0,21.0,24.32116642,21.0278674,5.821194486,60.27552528,kidneybeans
34.0,60.0,23.0,20.12574053,24.96969858,5.659254981,100.0497183,kidneybeans
9.0,80.0,19.0,21.80619564,18.57086554,5.945465949,125.0972687,kidneybeans
11.0,72.0,20.0,19.52226241,24.92607153,5.9511774520000005,113.334026,kidneybeans
3.0,67.0,24.0,17.00067625,19.90790546,5.520880013999999,103.2926407,kidneybeans
35.0,69.0,23.0,16.78791503,24.96881755,5.578410206,75.45328039,kidneybeans
3.0,77.0,25.0,24.84906168,22.89464642,5.608165195,62.21292186,kidneybeans
23.0,62.0,19.0,16.51783455,20.4555596,5.609435127999999,98.77794225,kidneybeans
22.0,71.0,17.0,18.15300153,19.38602098,5.509295379,107.6907964,kidneybeans
31.0,79.0,25.0,23.18864385,22.3104551,5.902033406,63.38208822,kidneybeans
34.0,59.0,18.0,23.38002569,21.98879437,5.744117663,87.66898664,kidneybeans
12.0,63.0,17.0,18.358923,19.37703396,5.717143397,138.414764,kidneybeans
27.0,56.0,20.0,19.25975367,20.51346956,5.542690119,94.9533526,kidneybeans
7.0,63.0,24.0,22.95458237,24.03553105,5.858617867,107.7315386,kidneybeans
24.0,67.0,22.0,20.120043,22.89845607,5.618844277000001,104.6252153,kidneybeans
11.0,71.0,24.0,21.14011423,22.7182355,5.6066203460000015,141.6056722,kidneybeans
37.0,74.0,15.0,24.92360104,18.22590825,5.582178402,62.7089169,kidneybeans
25.0,76.0,24.0,15.33042636,24.91506728,5.56503533,135.3315583,kidneybeans
34.0,66.0,17.0,18.81097271,21.27833035,5.889614577000001,125.084915,kidneybeans
20.0,69.0,15.0,23.44260668,22.77255917,5.934136378,107.4137246,kidneybeans
37.0,65.0,16.0,22.8352024,18.97267518,5.683548308,63.59276673,kidneybeans
18.0,74.0,15.0,24.9035819,22.27512704,5.70836603,146.4727237,kidneybeans
4.0,67.0,25.0,23.78709569,24.35679348,5.948164454,119.6404412,kidneybeans
37.0,56.0,25.0,22.05592283,19.60379304,5.774755143999999,126.7265372,kidneybeans
5.0,59.0,15.0,18.87492997,20.18238348,5.97229163,134.1811718,kidneybeans
11.0,61.0,21.0,18.62328774,23.02410338,5.532100554,135.33780330000002,kidneybeans
22.0,80.0,20.0,23.00884744,18.86880997,5.669560726,100.118612,kidneybeans
12.0,61.0,19.0,19.33162606,24.13995025,5.655726817000001,68.51253427,kidneybeans
5.0,74.0,21.0,16.24469193,21.35793891,5.591704013999999,66.97053257,kidneybeans
27.0,69.0,22.0,17.91652287,24.90814655,5.932323085,69.14681022,kidneybeans
31.0,75.0,18.0,15.46789263,21.43780702,5.824208308999999,88.88796102,kidneybeans
36.0,68.0,20.0,17.06104474,23.77201471,5.86442953,81.83420522,kidneybeans
5.0,65.0,16.0,21.32776028,18.48522915,5.866744372,109.1013261,kidneybeans
32.0,79.0,15.0,23.90910104,20.74619325,5.706198621,81.60211243,kidneybeans
11.0,78.0,22.0,23.89756791,22.74378977,5.940546818,112.6616435,kidneybeans
0.0,55.0,22.0,22.98666928,20.57940608,5.916779289,143.85849380000005,kidneybeans
14.0,59.0,15.0,21.35135729,22.91244883,5.779090476,146.4548645,kidneybeans
29.0,68.0,23.0,24.1638445,19.27907819,5.82738029,116.7324324,kidneybeans
32.0,68.0,19.0,24.62835037,18.18325169,5.514234138,149.7441028,kidneybeans
17.0,64.0,17.0,21.02213209,24.93896255,5.662699104,124.6118471,kidneybeans
13.0,69.0,19.0,17.30844532,20.01730914,5.86390397,115.199245,kidneybeans
14.0,67.0,22.0,23.82576704,24.75485098,5.624690247999999,84.64143632,kidneybeans
9.0,69.0,20.0,19.30607278,23.96362799,5.591560999,129.3449326,kidneybeans
20.0,73.0,22.0,16.03768615,22.33195853,5.976312537999999,130.3900798,kidneybeans
40.0,78.0,20.0,19.18572809,20.83398341,5.669236258,80.15293435,kidneybeans
27.0,72.0,23.0,19.92889503,21.79992115,5.961934481,64.02640797,kidneybeans
14.0,67.0,15.0,19.56376468,24.67385131,5.690065688,139.2921004,kidneybeans
7.0,56.0,18.0,18.31357543,24.32991649,5.698371311,76.14153904,kidneybeans
27.0,65.0,18.0,20.10993761,23.22323766,5.59503163,73.36386477,kidneybeans
30.0,63.0,16.0,23.60506572,21.90539577,5.5259045260000015,100.5978728,kidneybeans
37.0,70.0,25.0,19.73136909,24.89487354,5.819403771,84.06354115,kidneybeans
27.0,63.0,19.0,20.93409877,21.1893007,5.562201934,133.1914419,kidneybeans
22.0,60.0,24.0,18.78226261,20.24768314,5.630664753,104.2570723,kidneybeans
3.0,72.0,24.0,36.51268371,57.92887167,6.03160778,122.6539694,pigeonpeas
40.0,59.0,23.0,36.89163721,62.73178224,5.269084669,163.7266551,pigeonpeas
33.0,73.0,23.0,29.23540524,59.38967583,5.985792703,103.3301803,pigeonpeas
27.0,57.0,24.0,27.33534897,43.35795962,6.09186275,142.33036769999995,pigeonpeas
10.0,79.0,18.0,21.0643684,55.46985938,5.624731337999999,184.6226709,pigeonpeas
30.0,75.0,25.0,30.33276599,42.35249879,6.446091759,149.299952,pigeonpeas
40.0,70.0,20.0,31.80130272,45.03186173,5.623490042999999,147.03614419999997,pigeonpeas
38.0,55.0,19.0,33.18184225,38.23184742,5.864623352000001,198.8298806,pigeonpeas
35.0,58.0,20.0,29.38538562,63.47742011,5.761702519,90.05422663,pigeonpeas
38.0,61.0,21.0,30.27374995,67.38680755,4.696518678,127.7767134,pigeonpeas
33.0,58.0,24.0,35.45790488,68.75810535,5.269504214,108.6333046,pigeonpeas
16.0,56.0,17.0,33.80020039,40.03262418,7.445444882999999,176.6165894,pigeonpeas
31.0,72.0,17.0,28.69180475,49.47225353,5.833031707999999,96.36222901,pigeonpeas
16.0,80.0,20.0,31.24021696,56.67369054,7.3393209289999986,122.0146733,pigeonpeas
27.0,72.0,17.0,28.98039357,57.23265151,6.347929353,120.7435664,pigeonpeas
40.0,62.0,19.0,27.32198928,34.13737127,4.697750704,96.51524028,pigeonpeas
18.0,58.0,16.0,21.47607807,38.80023714,4.962661422,180.382234,pigeonpeas
3.0,68.0,16.0,18.31910448,34.69776639,4.964887857,107.4721605,pigeonpeas
26.0,67.0,24.0,36.97794384,37.73992903,5.642813116,161.48129630000005,pigeonpeas
16.0,70.0,20.0,24.80467592,40.1242747,5.6093956,121.5639121,pigeonpeas
24.0,63.0,19.0,19.3479443,55.96805489,4.681576043,194.5921148,pigeonpeas
9.0,76.0,25.0,28.88302142,50.12323801,5.70951224,179.2155874,pigeonpeas
16.0,55.0,19.0,19.54314136,47.19188279,6.413543781,192.4372194,pigeonpeas
28.0,75.0,21.0,24.7741949,50.54621094,6.007508163,114.2821387,pigeonpeas
16.0,71.0,24.0,18.33124824,38.40975482,4.946369874,139.64833169999997,pigeonpeas
24.0,70.0,21.0,19.14729038,45.3733757,5.517208078,132.7748215,pigeonpeas
38.0,72.0,21.0,28.23416057,49.4421345,5.902103172,186.5008581,pigeonpeas
9.0,66.0,21.0,30.11812084,34.13307843,5.719889876,157.0858232,pigeonpeas
34.0,56.0,17.0,33.4126864,35.42910045,4.548202098,139.6702541,pigeonpeas
1.0,76.0,19.0,24.18553163,46.68746847,6.6695294160000005,177.3377996,pigeonpeas
6.0,69.0,19.0,26.88630675,41.69617915,4.7509292180000005,94.46748008,pigeonpeas
26.0,73.0,21.0,31.33170829,57.97429171,4.946263888,161.7820226,pigeonpeas
27.0,61.0,18.0,33.30711818,67.07780816,5.266227032,108.5090168,pigeonpeas
27.0,71.0,23.0,23.45379018,46.48714759,7.10959773,150.87122019999995,pigeonpeas
36.0,61.0,21.0,34.53823889,39.04468913,5.617008201,168.5948318,pigeonpeas
17.0,73.0,18.0,19.50112224,34.51086611,5.632353113,197.3752649,pigeonpeas
26.0,72.0,22.0,28.76794904,37.57792132,4.674941549,91.72084869,pigeonpeas
17.0,64.0,16.0,30.97758716,32.24914235,7.161797643,180.716828,pigeonpeas
14.0,74.0,19.0,18.39759147,36.82639309,6.624966131,93.12330644,pigeonpeas
39.0,60.0,15.0,35.09357419,30.98685456,5.004074623999999,116.9106908,pigeonpeas
6.0,66.0,15.0,34.93174223,30.40046769,6.3458060110000005,159.2649827,pigeonpeas
8.0,59.0,18.0,29.50523036,35.72032498,6.216814453,187.8961851,pigeonpeas
2.0,67.0,18.0,34.51934775,47.52980027,5.921666758,129.0064612,pigeonpeas
1.0,76.0,17.0,28.43430726,52.10010827,6.012719118,147.0414824,pigeonpeas
16.0,73.0,19.0,18.41645629,34.80541039,4.684079249,163.27474730000003,pigeonpeas
23.0,75.0,25.0,31.07508973,47.19847683,7.077170002000001,91.31256412,pigeonpeas
32.0,70.0,20.0,20.89342749,46.24856523,6.208843215,195.5697875,pigeonpeas
28.0,59.0,22.0,30.90607799,52.79913039,7.05181629,170.99198280000005,pigeonpeas
5.0,62.0,23.0,27.9348279,66.45457122,4.722222454,145.3728801,pigeonpeas
36.0,67.0,25.0,35.95176642,36.52780776,6.418062652000001,136.0456753,pigeonpeas
1.0,66.0,23.0,19.54317155,56.92831399,4.803564468,173.1686574,pigeonpeas
24.0,73.0,20.0,19.63736208,32.31528909,4.608695247,176.4134092,pigeonpeas
17.0,67.0,18.0,31.2192752,56.46868874,5.611510977000001,129.20286529999998,pigeonpeas
5.0,55.0,18.0,33.50876355,45.70976142,7.322097972000001,126.6738117,pigeonpeas
5.0,56.0,24.0,24.80710166,45.01110015,5.023115055,188.4928637,pigeonpeas
37.0,77.0,17.0,36.20970524,31.94550613,5.617122801,191.0658531,pigeonpeas
13.0,73.0,20.0,30.50420876,35.48885969,5.391560417999999,162.59277230000004,pigeonpeas
6.0,63.0,23.0,26.01630259,49.94704718,5.906596905,160.33374469999995,pigeonpeas
16.0,77.0,22.0,31.48469278,35.6395615,6.574209678,100.546816,pigeonpeas
25.0,64.0,20.0,33.15122581,32.45974539,4.807776748999999,105.03802749999998,pigeonpeas
34.0,75.0,24.0,23.50222822,51.29019509,4.760038038999999,192.3023991,pigeonpeas
20.0,77.0,23.0,34.87248659,38.83786012,5.180271502,148.25027859999997,pigeonpeas
35.0,80.0,25.0,28.09269012,44.93322042,4.895927306,197.1144011,pigeonpeas
14.0,75.0,24.0,24.54757829,57.3414485,6.436160044,118.3606557,pigeonpeas
36.0,80.0,21.0,33.64769646,48.41490082,7.066087261,100.4673278,pigeonpeas
7.0,77.0,18.0,20.5591255,60.54880693,6.655918077999999,191.0895109,pigeonpeas
29.0,78.0,25.0,19.95991719,59.33157782,5.982854522999999,195.787103,pigeonpeas
30.0,60.0,21.0,28.87667593,62.4901206,5.457871272999999,182.2688175,pigeonpeas
20.0,74.0,16.0,36.04353699,43.61444121,4.759490199,159.8938645,pigeonpeas
19.0,57.0,23.0,23.6734328,47.2879691,7.342409555,141.12507219999995,pigeonpeas
3.0,60.0,19.0,25.74679443,40.7192594,4.820788186000001,100.7791633,pigeonpeas
5.0,77.0,19.0,31.08564994,66.68832981,6.242052013,175.9303271,pigeonpeas
5.0,68.0,20.0,18.72987676,61.33186249,5.001038726,139.8710041,pigeonpeas
37.0,73.0,21.0,29.50304807,63.46513414,5.560224582999999,189.5208915,pigeonpeas
9.0,59.0,24.0,20.43517772,39.37252634,4.747352458,137.22796619999997,pigeonpeas
20.0,72.0,15.0,36.00415838,56.01334416,7.313517308,134.8596466,pigeonpeas
31.0,56.0,23.0,31.46846241,35.39454002,5.661826398,174.5723999,pigeonpeas
0.0,70.0,21.0,36.30049702,56.03021253,4.672437054,101.6073988,pigeonpeas
21.0,74.0,15.0,29.49096726,67.10604388,6.471862118,153.2504506,pigeonpeas
13.0,67.0,18.0,30.5753044,34.75591197,5.384762927000001,177.5764304,pigeonpeas
27.0,74.0,20.0,24.69487673,59.96669215,5.8598134160000015,91.95792434,pigeonpeas
29.0,72.0,24.0,23.17409556,36.67847052,6.962386495,162.5931264,pigeonpeas
5.0,68.0,20.0,19.04380471,33.10695144,6.12166671,155.3705624,pigeonpeas
39.0,57.0,19.0,29.32379604,45.93248374,6.421748487,165.4113371,pigeonpeas
22.0,62.0,16.0,34.6455408,54.32342534,4.828936119,180.9009998,pigeonpeas
18.0,55.0,23.0,21.9989826,56.31006755,6.98571967,136.82743119999998,pigeonpeas
39.0,77.0,21.0,22.99774444,60.24218572,4.603563116,159.689339,pigeonpeas
13.0,75.0,20.0,30.55992394,35.29006485,6.979540061,178.8998611,pigeonpeas
27.0,71.0,24.0,31.46417866,48.17631461,7.064973419,165.40535400000005,pigeonpeas
26.0,64.0,22.0,25.95058595,40.58227261,5.16516459,109.1821183,pigeonpeas
23.0,55.0,16.0,21.01142393,69.69141302,5.111488821,185.2039114,pigeonpeas
4.0,69.0,19.0,19.25100056,47.70351758,5.374358869,149.063196,pigeonpeas
20.0,67.0,19.0,19.24462755,50.54495302,5.671419084,180.6465282,pigeonpeas
7.0,74.0,17.0,22.47253208,62.56532471,5.667419697000001,96.74706956,pigeonpeas
17.0,64.0,18.0,36.75087487,58.25799145,6.07938452,124.6028153,pigeonpeas
35.0,71.0,17.0,29.89286629,66.35375127,6.931924962999999,198.1403003,pigeonpeas
11.0,72.0,22.0,29.37735586,44.82294584,6.842744374,172.40168,pigeonpeas
20.0,60.0,22.0,29.65052947,42.89833235,6.876572502999999,186.9226052,pigeonpeas
10.0,71.0,18.0,19.54284889,66.34777265,6.151029296,173.11069819999997,pigeonpeas
33.0,61.0,24.0,20.04611791,48.93905624,4.567446499,122.4564203,pigeonpeas
3.0,49.0,18.0,27.91095209,64.70930606,3.692863601,32.67891866,mothbeans
22.0,59.0,23.0,27.32220619,51.27868781,4.371745575,36.5037914,mothbeans
36.0,58.0,25.0,28.66024187,59.3189118,8.399135957999999,36.92629678,mothbeans
4.0,43.0,18.0,29.02955344,61.09387478,8.840656256,72.98016599,mothbeans
29.0,54.0,16.0,27.78031515,54.65030015,8.153022903,32.05025323,mothbeans
32.0,43.0,22.0,31.99928579,54.1077461,5.270749441,71.6266696,mothbeans
14.0,55.0,15.0,27.33580911,55.27755933,8.050304395,73.44775287,mothbeans
5.0,35.0,20.0,28.92952635,53.57014709,9.679240873,66.35634104,mothbeans
25.0,57.0,24.0,27.65472156,58.59986279,6.974978386,36.94255012,mothbeans
11.0,53.0,24.0,28.52396666,55.77264351,7.39389918,61.32935611,mothbeans
40.0,49.0,17.0,31.02215872,45.89239456,6.68727523,53.56783314,mothbeans
38.0,56.0,25.0,25.74095321,45.38497051,7.88118645,67.43488235,mothbeans
27.0,43.0,23.0,31.70447482,56.85420099,5.875333778,44.94317432,mothbeans
24.0,38.0,22.0,24.47876451,58.51663927,8.202706015,34.96933295,mothbeans
23.0,45.0,21.0,31.46511256,51.79939437,8.985348193,74.44330654,mothbeans
29.0,57.0,20.0,25.60973447,50.7330069,5.87707519,53.39249517,mothbeans
31.0,35.0,23.0,30.30260453,47.18283631,7.707595055,68.04039813,mothbeans
0.0,55.0,25.0,28.17489437,43.6672299,4.524171562,45.78172762,mothbeans
7.0,45.0,22.0,25.50634557,44.8302551,9.926212291,74.32635105,mothbeans
17.0,58.0,25.0,31.12896766,43.58788762,6.455592696,32.76742894,mothbeans
11.0,44.0,17.0,26.34043268,55.59160391,8.016210782,35.1051197,mothbeans
22.0,49.0,22.0,28.23494706,61.5620517,3.71105919,72.66666443,mothbeans
9.0,51.0,19.0,27.04453473,49.32609633,5.49091063,48.25207759,mothbeans
28.0,48.0,15.0,25.16125354,55.25435777,9.254089438,40.89732789,mothbeans
26.0,50.0,19.0,27.3179125,51.66921088,6.005242945,32.55919573,mothbeans
36.0,56.0,20.0,25.4123765,49.66474269,7.437078236,31.87416982,mothbeans
8.0,60.0,18.0,31.21629982,46.01868196,3.808429173,53.1205277,mothbeans
24.0,37.0,21.0,30.573999,58.22686794,5.818219385,62.74803826,mothbeans
22.0,43.0,24.0,25.42517036,53.22082660000001,4.52363558,46.19374559,mothbeans
36.0,43.0,24.0,27.09400578,43.65305437,3.510404312,41.53749535,mothbeans
22.0,44.0,24.0,24.30935081,56.32938343,6.030447288,58.99536268,mothbeans
17.0,43.0,22.0,30.06142622,45.90067655,5.498340807999999,41.0550915,mothbeans
8.0,45.0,15.0,28.09568993,60.98353839999999,4.61136408,33.84110759,mothbeans
7.0,56.0,23.0,26.33908791,40.00933429,5.545219232000001,55.50429227,mothbeans
36.0,57.0,16.0,28.61409059,57.14218792,8.292875733999999,57.02891698,mothbeans
11.0,45.0,19.0,28.70012137,44.359648,3.828031463,44.11622138,mothbeans
6.0,36.0,22.0,24.21610338,59.79236306,8.869532817,42.24783476,mothbeans
17.0,57.0,20.0,28.50677929,45.20094476,3.793575185,66.1761456,mothbeans
4.0,47.0,20.0,25.97948991,64.95585424,4.193189124,72.19245835,mothbeans
9.0,49.0,16.0,30.88482722,41.36561835,7.661537347999999,55.053805,mothbeans
25.0,51.0,24.0,25.5042419,61.66852372,9.392694614,65.07981523,mothbeans
36.0,44.0,21.0,25.12528913,51.33189406,4.516154055,38.48678973,mothbeans
21.0,38.0,20.0,27.10508014,63.56791363,5.794289715,62.20279647,mothbeans
37.0,57.0,20.0,31.1006247,44.82069159,7.354286985,70.79934452,mothbeans
32.0,48.0,18.0,26.45707778,56.40226277,5.993513566,64.16167699,mothbeans
29.0,44.0,20.0,30.04132304,63.56222995,8.620107545,31.83192392,mothbeans
25.0,51.0,18.0,27.77799528,54.82130787,9.45949344,50.28438729,mothbeans
10.0,44.0,24.0,30.99256944,43.02151392,8.0344125,58.27600682,mothbeans
23.0,35.0,18.0,26.4908332,47.36534833,5.414492777,36.99362831,mothbeans
9.0,60.0,23.0,31.96987867,57.17377029,6.2760043360000015,64.25520357,mothbeans
3.0,58.0,21.0,25.36140526,46.82652785,9.160691747,55.60523179,mothbeans
22.0,42.0,22.0,25.54249137,56.96640758,7.887658711,48.46797044,mothbeans
12.0,39.0,21.0,28.99319096,62.85948245,8.183844843,70.4713043,mothbeans
39.0,36.0,22.0,29.34317422,60.50320928,9.072011412,34.03335472,mothbeans
32.0,41.0,16.0,28.63618921,61.39451307,7.702287236,68.54877876,mothbeans
30.0,41.0,15.0,24.83206631,44.17085032,5.88509677,52.0810886,mothbeans
19.0,36.0,22.0,25.44689075,58.55363573,6.16496284,57.04826619,mothbeans
4.0,46.0,15.0,31.01274943,62.40392519,3.504752314,63.77192383,mothbeans
21.0,39.0,20.0,27.06179658,52.3003173,7.388007482999999,60.74583498,mothbeans
35.0,57.0,25.0,27.0956288,42.26206161,8.340398059,71.12710390000002,mothbeans
22.0,55.0,24.0,28.56800579,57.30636014,8.66077954,64.53027638,mothbeans
35.0,51.0,17.0,28.79929247,49.84213387,3.558822825,40.85534718,mothbeans
17.0,56.0,17.0,27.94293692,45.41393636,5.9565851,69.66289997,mothbeans
28.0,57.0,17.0,30.47757686,61.58245338,9.416003106,61.86633917,mothbeans
22.0,36.0,16.0,30.58139475,50.77148138,8.18422855,64.58559639,mothbeans
11.0,41.0,19.0,26.85911286,41.81420849,5.131779302,44.13827124,mothbeans
38.0,38.0,18.0,26.31051759,61.18749126,6.294130312999999,35.73403813,mothbeans
23.0,37.0,24.0,28.77833449,44.2252605,7.991902443,33.95825723,mothbeans
25.0,35.0,20.0,28.90245417,43.35365671,8.923095695,71.90018566,mothbeans
40.0,45.0,20.0,29.37687468,57.69622912,6.878498176,38.34303462,mothbeans
23.0,58.0,19.0,24.17093241,58.25204566,5.243634848999999,59.18953429,mothbeans
2.0,56.0,23.0,26.65333029,59.79023382,7.550090941,36.91852635,mothbeans
3.0,56.0,17.0,28.19912143,53.50567601,8.709291687999999,52.13580529,mothbeans
26.0,51.0,25.0,28.76488954,52.62741529,7.792508067999999,55.21606732,mothbeans
39.0,42.0,20.0,29.3499706,61.25353851,8.055908857999999,40.82840673,mothbeans
27.0,59.0,20.0,28.00937423,52.60950014,4.397698806,36.01203025,mothbeans
24.0,45.0,19.0,26.85851927,48.8246387,5.9523849570000005,34.7426459,mothbeans
7.0,40.0,17.0,31.2123945,40.92604945,8.532078732999999,53.78769958,mothbeans
15.0,45.0,23.0,24.20422636,61.43378674,7.224193642,46.0203959,mothbeans
26.0,52.0,23.0,29.98835437,49.60384796,4.931890506,52.92929636,mothbeans
20.0,45.0,16.0,29.93964907,54.61813464,4.626212446,45.43669946,mothbeans
34.0,54.0,24.0,31.2119298,41.55934359,5.026003659,68.80141783,mothbeans
19.0,51.0,25.0,26.80474415,48.23991436,3.5253661,43.87801983,mothbeans
29.0,41.0,21.0,31.49398069,62.84916863,8.86979671,64.56807592,mothbeans
20.0,50.0,22.0,30.99694676,46.42693735,9.406887533,38.31597852,mothbeans
11.0,40.0,23.0,29.61253065,63.04749127,5.80428611,50.1978269,mothbeans
15.0,54.0,15.0,29.97604322,57.03184356,8.35495812,44.86052932,mothbeans
35.0,55.0,22.0,30.88883074,52.62696801,8.634929739,55.51932414,mothbeans
9.0,59.0,25.0,30.39321309,60.16299493,7.699200949,35.37493212,mothbeans
40.0,45.0,18.0,30.43683729,55.20522037,5.261285926,30.92014047,mothbeans
35.0,38.0,19.0,25.32688786,63.18180319,9.112771682,32.71129281,mothbeans
14.0,58.0,17.0,30.53684308,59.96664731,4.605700542,33.48919022,mothbeans
40.0,55.0,18.0,30.38257873,40.5926071,7.115994051,47.95406479,mothbeans
18.0,36.0,23.0,24.01825377,53.76623369,7.214078621,35.03404425,mothbeans
35.0,52.0,15.0,28.69841277,61.14754363,9.93509073,65.67591794,mothbeans
4.0,59.0,22.0,29.33743412,49.00323081,8.914074888,42.44054315,mothbeans
22.0,51.0,16.0,27.96583691,61.34900107,8.639586199,70.10472076,mothbeans
33.0,47.0,17.0,24.86803974,48.27531965,8.621514073,63.9187654,mothbeans
2.0,51.0,17.0,25.87682261,45.96341933,5.838508699,38.53254678,mothbeans
16.0,51.0,21.0,31.01963639,49.97675220000001,3.532008668,32.81296548,mothbeans
19.0,55.0,20.0,27.43329405,87.80507732,7.18530147,54.73367631,mungbean
8.0,54.0,20.0,28.3340432,80.77275974,7.034214276,38.7976407,mungbean
36.0,55.0,20.0,27.01470397,84.34262707,6.635968697999999,55.296354,mungbean
10.0,56.0,16.0,28.17432665,81.04554836,6.828187498999998,36.35720652,mungbean
22.0,56.0,17.0,29.87888063,87.32761241,6.89077995,44.75215854,mungbean
9.0,57.0,24.0,29.89232778,89.71503316,7.165121108999998,42.99498978,mungbean
34.0,59.0,23.0,28.56212158,83.24855855,6.935804256,56.48265193,mungbean
31.0,51.0,25.0,27.53592929,85.57019009999998,7.196774236,53.01899249,mungbean
0.0,49.0,18.0,29.68361658,87.93598094,6.990095452,41.82490236,mungbean
21.0,39.0,20.0,28.14448546,82.1193047,7.064782137999999,46.75690086,mungbean
28.0,35.0,22.0,29.53037621,86.73346018,7.156563094,59.87232071,mungbean
17.0,52.0,17.0,27.88352946,86.45147631,6.364967184,44.64407105,mungbean
24.0,42.0,23.0,28.22471276,82.35916228,6.428054409,44.01206619,mungbean
28.0,46.0,16.0,29.008124,84.96089355,6.664187809,45.91011391,mungbean
21.0,38.0,21.0,29.75538903,86.45193297,6.637677489,37.54602719,mungbean
34.0,60.0,25.0,29.78416743,85.16906976,6.79385576,40.77872823,mungbean
19.0,53.0,22.0,27.8640132,80.4513142,6.852884642999999,42.83053902,mungbean
31.0,58.0,15.0,27.11026483,84.96771717,7.121571293,51.52617423,mungbean
19.0,35.0,24.0,27.11030369,83.64274107,6.883308033,49.11964582,mungbean
24.0,53.0,17.0,28.95451232,89.07866095,6.421271178,57.65901369,mungbean
13.0,47.0,20.0,29.21780035,87.93724219,6.54450214,43.1386631,mungbean
31.0,53.0,16.0,28.7420098,85.81675947,6.452006451,48.54598575,mungbean
28.0,45.0,23.0,29.65021184,80.29868321,6.489259136,56.76278363,mungbean
31.0,37.0,21.0,27.23924995,86.404241,6.713410626,37.31236904,mungbean
33.0,60.0,15.0,28.95172351,81.67085323,6.510840928,56.51103293,mungbean
34.0,45.0,21.0,28.18837136,82.60629652,6.2873801170000005,37.01110438,mungbean
13.0,57.0,25.0,28.30041493,86.20681554,6.86308576,50.47333854,mungbean
33.0,57.0,17.0,27.89636126,88.71782287,6.78415271,57.79863368,mungbean
32.0,57.0,22.0,28.6899851,87.50436797,6.769415887999999,44.56598352,mungbean
23.0,59.0,25.0,27.826262300000003,88.73100226,6.320768488,56.68833819,mungbean
35.0,41.0,18.0,28.70562673,81.59200689,6.705008503999999,59.87065439,mungbean
6.0,48.0,24.0,28.6362812,84.61431076,6.790736339,48.48319335,mungbean
29.0,36.0,25.0,28.28511547,88.4393979,7.130278657000001,48.56690235,mungbean
4.0,36.0,22.0,27.60887393,86.13316408,7.012740397000001,43.80041104,mungbean
10.0,59.0,22.0,28.60901145,86.99495766,7.1556850160000005,36.94616965,mungbean
14.0,48.0,21.0,29.24598976,84.80084105,6.991242362,53.43228915,mungbean
8.0,50.0,21.0,28.62911222,89.11480590000002,6.218923893,50.49913241,mungbean
20.0,40.0,15.0,29.57329479,88.07505524,7.199495367999999,45.04467075,mungbean
36.0,43.0,22.0,27.82684262,87.16679147,6.3898821660000005,58.37249772,mungbean
14.0,57.0,15.0,29.8757015,83.14796296,6.623438282,40.12044158,mungbean
11.0,60.0,23.0,27.33684386,88.50229102,7.033012777000001,51.09802625,mungbean
10.0,59.0,15.0,29.83040388,89.30428305,6.32400451,58.86687093,mungbean
7.0,60.0,25.0,28.2753171,82.76020821,6.397636709,56.04995423,mungbean
2.0,47.0,15.0,29.86860065,85.99127934,6.401455706,58.41394143,mungbean
20.0,45.0,22.0,29.5888162,89.9939693,6.904587016,54.96121262,mungbean
2.0,39.0,15.0,28.07219563,82.9116472,6.478557136,49.61865305,mungbean
27.0,40.0,24.0,27.84026517,89.99615558,7.063022095,52.84626009,mungbean
35.0,48.0,15.0,27.10818093,87.45126690000002,6.981758362000001,55.03723979,mungbean
4.0,59.0,25.0,27.68515114,81.94268594,6.227134139,54.62243308,mungbean
1.0,48.0,24.0,29.34594634,85.60472562,6.232836962,59.03629954,mungbean
36.0,43.0,21.0,28.36319404,84.8593608,7.140437859,52.93031105,mungbean
11.0,46.0,24.0,27.65280218,89.80650642,6.459252023,56.52558045,mungbean
34.0,47.0,19.0,27.31372793,85.44815232,6.568795403999999,53.15223123,mungbean
21.0,44.0,18.0,27.06909959,86.89934108,7.12851089,50.46746116,mungbean
17.0,58.0,20.0,28.06642822,85.91625451,6.42937879,39.23831035,mungbean
25.0,40.0,21.0,27.73329078,81.13903037,6.248900919,44.17580911,mungbean
2.0,38.0,18.0,27.53632932,89.92908171,6.619891497999999,45.48591922,mungbean
9.0,48.0,20.0,29.66461594,84.28187572,6.377568542000001,56.09542002,mungbean
37.0,49.0,25.0,29.914544300000006,85.85384444,6.415459592,41.39081525,mungbean
36.0,38.0,15.0,28.36363858,87.59810657,6.3206620120000006,57.99524359,mungbean
40.0,58.0,15.0,29.46416042,87.60890009,6.978400282000001,43.15411472,mungbean
30.0,44.0,16.0,29.73013036,82.89166381,6.442335592999999,50.91511275,mungbean
1.0,59.0,23.0,27.46852989,87.17649,7.184398832,43.78420984,mungbean
9.0,48.0,22.0,27.77076285,87.09979549,6.402926221,49.50812624,mungbean
14.0,41.0,17.0,29.12939524,88.48312598,7.085982325,36.45012824,mungbean
35.0,52.0,19.0,27.10606808,89.89593328,6.698574085,37.45680611,mungbean
31.0,48.0,17.0,28.88078945,86.94206817,6.594739424,53.79732545,mungbean
4.0,41.0,20.0,28.14720892,83.8001509,6.647965508,37.44800463,mungbean
30.0,37.0,25.0,29.89129144,80.14487166,7.120032489,54.7960127,mungbean
9.0,35.0,20.0,27.41503453,80.98004661,6.91380932,40.53173216,mungbean
20.0,41.0,20.0,29.27308605,89.4875022,7.073048264,50.9246554,mungbean
37.0,50.0,23.0,29.65296893,88.48587386,6.5304707,56.01913159,mungbean
34.0,35.0,21.0,28.44524991,82.67639542,6.684381357,58.18713162,mungbean
14.0,37.0,15.0,27.96235681,83.97586797,6.581351374,48.9366954,mungbean
23.0,39.0,22.0,29.25649321,81.97952224,6.86483915,42.02483277,mungbean
5.0,45.0,21.0,28.36291385,88.00989267,6.487124217000001,43.05130077,mungbean
22.0,37.0,20.0,27.62749466,86.49366929,6.605733067999999,39.26137642,mungbean
40.0,51.0,17.0,28.66086349,86.12194568,6.860602782000001,50.01534317,mungbean
27.0,56.0,20.0,29.2114218,87.11497805,6.41874299,51.53848218,mungbean
31.0,40.0,22.0,29.40889385,86.16063492,6.365513634,53.35486977,mungbean
38.0,36.0,21.0,28.02952623,84.8845732,6.5563729660000005,36.12042927,mungbean
6.0,37.0,17.0,28.08657178,80.35005927,6.760694227999999,38.14476781,mungbean
6.0,47.0,18.0,29.16174608,80.28038146,6.715276662999999,40.16545979,mungbean
24.0,44.0,17.0,29.8596912,80.03499648,6.666380512000001,50.66487502,mungbean
25.0,59.0,19.0,29.06631494,83.6869203,6.626629798,43.95183726,mungbean
32.0,56.0,21.0,27.38538997,88.66663953,6.702772465,58.29933073,mungbean
8.0,45.0,18.0,27.93034941,85.42058715,7.011030515,43.25095608,mungbean
19.0,39.0,17.0,29.2808618,81.8009244,6.890156495,44.47427436,mungbean
39.0,37.0,15.0,28.9973145,83.78911515,6.821747052,59.84499208,mungbean
33.0,37.0,19.0,27.92678579,86.5543196,7.183189922,43.4826194,mungbean
26.0,54.0,17.0,28.5474135,88.9570454,6.27258822,49.4897245,mungbean
21.0,51.0,15.0,29.36488409,89.1886954,6.679127482,48.30159325,mungbean
22.0,54.0,20.0,28.56149805,83.63802195,6.689825155,41.013132,mungbean
29.0,45.0,16.0,28.43683487,87.91332682,6.583381939,43.12063289,mungbean
4.0,40.0,21.0,28.79728147,80.45744422,6.725551062,44.30070517,mungbean
10.0,37.0,22.0,28.7275267,89.12760359,7.069747813999999,58.52974279,mungbean
4.0,44.0,19.0,27.95639663,83.52706038,6.921993877999999,43.25726752,mungbean
20.0,45.0,17.0,28.17458662,83.69659318,6.770955317,37.2464655,mungbean
23.0,45.0,23.0,28.77653519,86.69133979,6.983130466,56.12443206,mungbean
25.0,48.0,21.0,28.438097,83.48991368,6.267684328,52.55469976,mungbean
56.0,79.0,15.0,29.48439992,63.19915325,7.454532137,71.89090748,blackgram
25.0,62.0,21.0,26.73433965,68.13999721,7.040056094,67.15096376,blackgram
42.0,61.0,22.0,26.27274407,62.28814857,7.418650668,70.23207557,blackgram
42.0,73.0,25.0,34.03679184,67.21113844,6.501869314,73.23573601,blackgram
44.0,58.0,18.0,28.03644051,65.06601664,6.814410927999999,72.49507741,blackgram
50.0,55.0,16.0,28.81460716,65.33538112,7.581442888,62.26242533,blackgram
35.0,72.0,21.0,34.03619494,64.28791388,7.741418772,66.85510868,blackgram
30.0,64.0,20.0,33.8642935,61.57072498,6.573531614,68.02199825,blackgram
27.0,64.0,21.0,32.84213012,68.68401492,7.543804222999999,73.67166182,blackgram
50.0,74.0,17.0,27.10053268,63.36085585,6.5408208,73.84949872,blackgram
39.0,73.0,24.0,25.65842532,61.18235808,7.22405917,69.28607828,blackgram
57.0,67.0,25.0,32.34744009,66.61452812,7.551364319,64.55882254,blackgram
52.0,63.0,19.0,29.58949031,68.32176769,6.928898659,67.53021213,blackgram
55.0,66.0,22.0,30.91219459,68.79427388,7.747775262999999,66.63830637,blackgram
51.0,56.0,18.0,28.12787838,64.2097765,6.706505915,70.86340755,blackgram
36.0,66.0,15.0,30.08545364,69.34811988,6.668238556,67.1367443,blackgram
59.0,55.0,19.0,31.74379487,62.51007687,7.332375138,68.97097538,blackgram
50.0,58.0,23.0,27.81326852,62.50460464,7.596802025,69.75555541,blackgram
30.0,65.0,25.0,32.88733849,64.59457409,7.70650895,71.50569456,blackgram
20.0,62.0,18.0,29.36358721,64.98742947,7.366542647,61.91208707,blackgram
58.0,71.0,15.0,27.82592799,67.58618829999999,6.919243702,74.01229707,blackgram
25.0,71.0,24.0,28.49538735,60.44848407,7.187721817999999,74.91559514,blackgram
52.0,71.0,16.0,27.74274761,68.53997144,7.0758864720000005,71.78615328,blackgram
40.0,63.0,18.0,30.41588462,67.66323804,6.74441168,63.02473185,blackgram
20.0,60.0,25.0,27.3254209,69.09047809,6.726469087999999,61.19250859,blackgram
48.0,61.0,21.0,30.28496619,61.69295127,6.628264883,65.62859526,blackgram
49.0,68.0,22.0,28.56840626,61.53278622,7.127064207,63.49726331,blackgram
48.0,62.0,15.0,25.36586097,66.6379724,7.538631462000001,65.81655892,blackgram
32.0,66.0,17.0,34.9466155,65.26774011,7.162357641,70.1415139,blackgram
21.0,63.0,22.0,25.09737391,67.72837887,6.859409487000001,74.61649888,blackgram
20.0,72.0,19.0,32.47648301,64.34848735,7.397190844,65.82045699999999,blackgram
25.0,65.0,21.0,33.86351172,68.59232289,6.880245789,69.24464096,blackgram
41.0,78.0,21.0,25.19857725,60.37332688,6.581313137,70.88787207,blackgram
53.0,67.0,17.0,31.77681682,69.01852894,7.296972161,61.46892873,blackgram
39.0,60.0,21.0,34.89814946,63.59948557,6.97297656,64.72797143,blackgram
25.0,76.0,17.0,31.74105409,68.63525428,7.241148507,62.3061735,blackgram
21.0,78.0,19.0,27.16159076,66.76017239,6.92009048,69.85112265,blackgram
57.0,60.0,17.0,26.23773129,67.88521396,7.504608385,73.58663968,blackgram
56.0,75.0,15.0,30.20157245,60.06534859,7.152272256,66.37171179,blackgram
49.0,72.0,15.0,31.55846339,67.83563765,7.137004749,74.86960831,blackgram
24.0,80.0,19.0,29.67892453,69.0854554,6.8080417220000005,65.66436565,blackgram
49.0,76.0,18.0,27.05365239,67.7017527,7.393631868,60.4693835,blackgram
28.0,68.0,19.0,34.63880966,61.38597868,7.69950698,72.43169115,blackgram
55.0,78.0,21.0,33.39438752,62.93692886,6.602888248999999,63.57445989,blackgram
50.0,64.0,25.0,28.84079155,63.37230676,6.734447425,70.25496749,blackgram
34.0,80.0,19.0,31.49338309,63.0563645,6.521217963,71.48327008,blackgram
20.0,68.0,23.0,25.54960633,63.95425534,7.707332484,63.1830529,blackgram
55.0,67.0,16.0,34.37329112,69.69366426,6.596719015,70.27184748,blackgram
23.0,70.0,15.0,34.600824700000004,63.11296779,7.403623355,60.41790253,blackgram
53.0,74.0,15.0,29.43463808,64.94329356,7.517097,72.17818157,blackgram
26.0,67.0,16.0,29.10713092,67.90577375,7.17620823,67.83345933,blackgram
33.0,80.0,22.0,28.57006111,65.71765781,6.593961761,70.0866434,blackgram
37.0,79.0,19.0,27.54384835,69.3478631,7.143942758,69.40878198,blackgram
33.0,75.0,21.0,33.04687968,68.93875631,6.690655045,62.30278274,blackgram
22.0,55.0,20.0,33.95309131,69.96100028,7.423530351,61.16350463,blackgram
20.0,68.0,17.0,30.11873003,60.11680815,6.578714842999999,71.72980375,blackgram
43.0,68.0,20.0,29.57812712,66.17587668,7.497469256,69.43895491,blackgram
44.0,76.0,22.0,27.26458947,68.01232937,7.775306272000001,68.91754359,blackgram
34.0,60.0,16.0,31.35730791,64.24992106,7.322555222999999,63.85668948,blackgram
21.0,72.0,17.0,31.52104732,66.55723677,7.580527339,61.71111448,blackgram
25.0,68.0,19.0,29.39982732,64.25510719,7.1084501210000015,67.47677295,blackgram
41.0,62.0,15.0,29.38400259,64.14928485,7.358974541,65.24194361,blackgram
28.0,65.0,23.0,28.38686534,61.88871127,7.405176138,74.24459122,blackgram
35.0,64.0,15.0,28.47442276,63.53604453,6.500144962,69.5274407,blackgram
52.0,58.0,16.0,30.64095781,61.14508627,7.167435834,71.36947525,blackgram
58.0,75.0,25.0,25.25596239,61.36669662,7.261791753,68.64685069,blackgram
34.0,66.0,19.0,32.97030511,60.18122078,7.586642101,73.44678678,blackgram
52.0,70.0,16.0,33.66855394,66.60416867,7.534811832999999,67.32520551,blackgram
23.0,57.0,19.0,32.83963757,67.99803573,7.251000789,73.40452716,blackgram
42.0,58.0,25.0,27.45853567,62.90020977,6.513620917999999,69.46020927,blackgram
37.0,62.0,17.0,25.68576704,69.84354028,7.121254928,74.62068748,blackgram
44.0,75.0,22.0,30.0328403,64.14800537,7.574561547,71.21006868,blackgram
21.0,80.0,20.0,28.20667264,68.27085245,7.350869792,64.32887142,blackgram
56.0,76.0,16.0,28.27265858,61.18956161,7.5131510760000015,63.29900785,blackgram
29.0,76.0,15.0,28.541723600000005,64.2020154,7.0256077060000015,69.68862306,blackgram
43.0,61.0,20.0,26.87187036,61.61367264,6.804253866,63.51822045,blackgram
55.0,60.0,15.0,32.79766751,68.77994074,7.163043872,64.11411069,blackgram
44.0,63.0,15.0,26.42333018,64.51136845,7.338929556,63.46546487,blackgram
29.0,67.0,21.0,29.79181107,63.38789228,6.621323612,63.02169909,blackgram
47.0,63.0,16.0,27.44003279,67.10464369,6.661870999,72.50669768,blackgram
40.0,68.0,17.0,34.1262979,65.14877461,7.733149554,70.40795007,blackgram
58.0,61.0,15.0,30.94908189,64.23364112,7.402891666,62.78730907,blackgram
41.0,74.0,18.0,28.75751783,61.02701476,6.599147297999999,73.37686831,blackgram
58.0,79.0,17.0,27.24766491,66.10123083,7.04174124,62.31842057,blackgram
27.0,62.0,24.0,28.63005477,66.770943,7.353876754,62.2737345,blackgram
27.0,60.0,17.0,26.41768321,63.64698302,7.026795358999999,64.42177127,blackgram
52.0,65.0,20.0,32.81705216,66.15665137,6.814301033,68.83924882,blackgram
44.0,55.0,25.0,29.6321052,65.91359954,7.42160832,71.16331975,blackgram
21.0,62.0,24.0,33.49077065,62.73317204,6.8473828910000005,65.45328463,blackgram
60.0,59.0,22.0,31.86847286,66.74217464,7.191522601,74.22238583,blackgram
33.0,77.0,21.0,30.32992227,65.62971858,7.01285529,71.64631281,blackgram
59.0,58.0,17.0,28.546224,66.31394098,7.368318809,62.83469851,blackgram
29.0,63.0,17.0,30.02629908,67.88811637,7.26154329,66.47264636,blackgram
59.0,63.0,18.0,31.65531175,60.13263713,6.52669158,66.69096751,blackgram
29.0,70.0,15.0,30.33499674,63.54718862,6.872594461,74.16699119,blackgram
58.0,73.0,16.0,33.36984395,65.67718163,6.874142175,64.89517488,blackgram
55.0,77.0,22.0,31.4345059,62.99303471,7.76061831,64.77651469,blackgram
42.0,79.0,23.0,27.71678273,63.29103387,6.781841984,68.56507978,blackgram
44.0,77.0,21.0,32.63918668,61.3009051,7.326980454,61.83876146,blackgram
38.0,62.0,25.0,32.7477393,67.77954584,7.453975408,63.37784443,blackgram
32.0,76.0,15.0,28.05153602,63.49802189,7.604110177000001,43.35795377,lentil
13.0,61.0,22.0,19.44084326,63.27771461,7.728832424,46.83130119,lentil
38.0,60.0,20.0,29.84823072,60.63872613,7.491217102,46.80452595,lentil
11.0,74.0,17.0,21.36383757,69.92375891,6.633864582,46.6352865,lentil
37.0,71.0,16.0,26.28663931,68.51966729,7.324863481,46.13833007,lentil
29.0,71.0,18.0,22.17499963,62.13873825,6.410441476,53.46622584,lentil
2.0,72.0,18.0,26.57597546,60.97876599,7.836719564,50.89110726,lentil
6.0,59.0,21.0,26.58972517,66.14007674,6.139215944,50.90994463,lentil
13.0,64.0,20.0,19.1345771,62.57526895,6.590571088,36.46946971,lentil
8.0,58.0,17.0,28.75273118,69.15640149,7.286049977999999,35.15426171,lentil
6.0,77.0,20.0,25.78746268,60.2816298,6.058306161,49.14337177,lentil
2.0,75.0,22.0,23.89271875,61.78779413,6.658605362,52.55730112,lentil
3.0,69.0,23.0,28.67408774,63.18832976,7.299360767,42.96018627,lentil
27.0,80.0,24.0,28.42062847,61.77336343,7.815210661,49.02366803,lentil
39.0,78.0,15.0,21.35499456,62.60136323,5.925391795,41.78219834,lentil
40.0,79.0,17.0,21.12695586,63.18738532,6.403683619,38.71834464,lentil
37.0,62.0,22.0,24.02037872,61.62313345,7.397546271,49.78102578,lentil
31.0,60.0,24.0,25.40474421,65.8567539,7.722335992,51.92057267,lentil
22.0,67.0,22.0,29.03017561,64.49166566,7.475926645,54.93937710000001,lentil
3.0,78.0,18.0,20.21368219,68.65257685,6.887130053,50.89732989,lentil
4.0,80.0,16.0,29.19585548,68.01965728,7.441976825,44.93261911,lentil
13.0,61.0,24.0,18.29783597,69.6897615,7.629910252999999,49.39111479,lentil
12.0,66.0,20.0,27.41434987,63.41785982,7.336117221,44.43177543,lentil
4.0,61.0,21.0,24.84063998,60.09116626,6.75020529,48.77790371,lentil
9.0,60.0,21.0,29.94413861,67.31323084,7.52178027,40.37113729,lentil
18.0,66.0,22.0,25.87990287,67.55109024,6.347379185,47.89645224,lentil
32.0,56.0,18.0,20.0467711,65.84395319,7.135251532000001,46.05333124,lentil
6.0,72.0,15.0,22.99451999,66.70897237,7.670178119,54.49044154,lentil
15.0,77.0,20.0,25.13163619,66.92642362,7.399749291,49.04015558,lentil
0.0,65.0,24.0,28.49584395,62.44616219,7.841496029,53.14531023,lentil
30.0,79.0,22.0,18.28766124,69.48515056,6.254216611,48.60449438,lentil
3.0,63.0,16.0,24.38041875,61.18458224,6.868881707999999,53.13946695,lentil
2.0,78.0,23.0,21.31852148,66.43934593,7.320514721,45.42616802,lentil
10.0,78.0,18.0,18.54141834,62.70637578,6.296976913,44.07819743,lentil
14.0,67.0,25.0,25.28710601,60.85993533,7.241151936,49.37369982,lentil
39.0,65.0,23.0,25.43459777,69.12613376,7.685959305,41.02682925,lentil
19.0,72.0,15.0,28.83600962,69.76112921,6.890760124,44.08562546,lentil
18.0,57.0,21.0,27.37659643,63.93927841,6.155915975,49.47371773,lentil
31.0,58.0,15.0,28.31886863,60.19461399,6.167855382000001,45.36521251,lentil
28.0,58.0,25.0,27.4818649,62.04814951,6.861640036,37.81123974,lentil
5.0,65.0,19.0,18.28072173,68.10365387,6.978361689,48.80253285,lentil
16.0,65.0,19.0,27.61204997,69.29786244,7.043160241,42.72374404,lentil
34.0,65.0,19.0,23.43974653,63.22011726,5.94239222,45.40277297,lentil
14.0,69.0,19.0,20.95628486,63.68128841,7.239455147,52.39881209,lentil
22.0,55.0,16.0,23.7937153,68.03209183,6.516317561,49.73922097,lentil
24.0,61.0,17.0,22.6371424,65.44544859,6.233269045,38.30411077,lentil
2.0,79.0,15.0,21.53577883,65.47227704,7.505283615,35.75107592,lentil
26.0,63.0,17.0,29.87854588,65.73085206,6.950300686,44.95654782,lentil
27.0,61.0,15.0,25.2653291,67.10004577,6.958054839,48.33941188,lentil
24.0,70.0,16.0,25.17885316,68.93307305,6.54803469,35.03484812,lentil
13.0,74.0,25.0,24.12192608,61.09533545,6.461618577,44.23629285,lentil
6.0,64.0,23.0,23.33565221,67.40460704,7.065264073,36.18678721,lentil
12.0,58.0,23.0,21.74600081,63.39503184,6.765091462000001,50.43306085,lentil
32.0,79.0,22.0,27.60195453,63.46170674,5.91645379,54.37814199,lentil
6.0,68.0,18.0,24.388717,62.50453062,6.711341147000001,47.26052494,lentil
10.0,79.0,20.0,24.98287462,66.895409,6.379881442,38.21370568,lentil
38.0,77.0,22.0,28.234829,69.3159965,6.313284267999999,35.36831423,lentil
17.0,74.0,17.0,26.03026959,69.55863145,7.393210848,37.11395801,lentil
26.0,68.0,24.0,28.04849594,64.07691942,7.504930973,37.15824966,lentil
23.0,75.0,17.0,24.87425505,64.00213929,7.198076286,48.28137482,lentil
32.0,78.0,22.0,23.97081395,62.35557553,7.007037515,53.40906048,lentil
19.0,79.0,19.0,20.06003985,67.76252583,6.677262562,42.89509057,lentil
22.0,60.0,18.0,19.59221047,61.28633405,6.74398035,41.7704893,lentil
28.0,69.0,16.0,29.77013109,66.29327012,6.547361617999999,35.69674138,lentil
1.0,67.0,21.0,27.52135365,60.53657684,6.551577598,48.06491307,lentil
12.0,67.0,23.0,25.62896213,63.14909763,6.585020302999999,45.49683991,lentil
36.0,67.0,20.0,20.39078312,60.47528931,6.924042372000001,53.31508572,lentil
28.0,70.0,21.0,25.39038396,60.4989659,7.437373666,39.18374505,lentil
12.0,71.0,19.0,24.91079638,60.71367427,7.142611056000002,42.19740397,lentil
22.0,68.0,16.0,27.70496805,63.20915034,7.74672376,37.46160727,lentil
26.0,66.0,22.0,18.06486101,65.1034354,6.300479414,51.54922825,lentil
16.0,65.0,16.0,18.13027797,62.45851612,6.078724107,50.6128521,lentil
14.0,59.0,22.0,23.82723528,67.89815262,6.76660668,46.90725077,lentil
33.0,59.0,19.0,23.19305333,62.74710773,7.641024177,49.55213308,lentil
21.0,63.0,17.0,25.08966129,68.17543102,6.559681838,41.45486619,lentil
0.0,69.0,21.0,25.86928193,61.88321072,7.072923306,36.68284038,lentil
10.0,75.0,17.0,18.43966037,68.05394959,7.732194787999999,39.00992137,lentil
30.0,61.0,18.0,27.14911056,67.02664337,6.157782589,52.50812701,lentil
0.0,74.0,17.0,23.33375853,64.50515776,7.240988401,47.01510708,lentil
35.0,74.0,22.0,26.7230014,62.96841833,6.898905799,42.87274897,lentil
7.0,63.0,24.0,19.55750776,64.45268309,6.818681086000002,53.04669416,lentil
9.0,56.0,17.0,26.13708256,66.7729209,6.261937875,46.48280681,lentil
14.0,74.0,15.0,27.99990346,65.57653373,6.493036868,49.94043064,lentil
14.0,76.0,20.0,29.05941162,62.10652364,7.042474679,36.5011366,lentil
36.0,65.0,16.0,25.71269843,64.1123333,7.692013657,50.17067771,lentil
28.0,67.0,21.0,21.79792649,63.73086065,6.250994222999999,46.62370222,lentil
28.0,79.0,16.0,24.70626432,60.26854183,6.0521848810000005,53.12442925,lentil
40.0,61.0,22.0,20.94981756,65.8108757,7.002216044,44.23913012,lentil
10.0,70.0,19.0,24.84918386,68.98088448,7.272427638,41.61080544,lentil
12.0,80.0,19.0,21.91041045,65.21662467,5.962001484,36.10211371,lentil
37.0,77.0,20.0,25.93381964,68.70533022,7.080506001,51.02372773,lentil
0.0,67.0,22.0,29.82112112,69.4073209,6.5937983870000005,51.56461082,lentil
7.0,73.0,25.0,27.52185591,63.13215259,7.28805662,45.20841071,lentil
10.0,56.0,18.0,27.99627907,68.6428593,7.32710972,46.10585191,lentil
39.0,70.0,15.0,20.76774783,63.90164154,6.366355781,47.9271552,lentil
26.0,56.0,22.0,23.05276444,60.424786,7.011121216,52.60285259,lentil
9.0,77.0,17.0,21.65845777,63.58337146,6.280725549,38.07659414,lentil
4.0,59.0,19.0,26.25070298,67.62779652,7.621494566,40.8106299,lentil
34.0,73.0,15.0,20.97195263,63.83179889,7.630424082999999,53.10207889,lentil
33.0,77.0,15.0,23.89736406,66.32102048,7.802212437,40.74536757,lentil
2.0,24.0,38.0,24.55981624,91.63536236,5.922935513,111.9684622,pomegranate
6.0,18.0,37.0,19.65690085,89.93701023,5.937649577999999,108.0458926,pomegranate
8.0,26.0,36.0,18.78359608,87.4024767,6.804781106,102.5184759,pomegranate
37.0,18.0,39.0,24.1469628,94.5110662,6.424670614,110.2316633,pomegranate
0.0,27.0,38.0,22.44581266,89.90147027,6.7380162210000005,109.3905998,pomegranate
31.0,25.0,38.0,24.96273236,92.40501423,6.4973666770000005,109.4169192,pomegranate
21.0,21.0,38.0,22.5526059,89.32594859999998,6.327673765,104.8955643,pomegranate
6.0,30.0,40.0,22.77035608,91.45498527,6.36137446,106.9659201,pomegranate
25.0,27.0,41.0,19.20090378,94.27659596,6.9235093710000015,108.0423555,pomegranate
15.0,11.0,38.0,23.12808226,92.68328358,6.630646082999999,109.3930157,pomegranate
14.0,5.0,36.0,24.92639065,85.19098079,5.832525853,104.7693804,pomegranate
16.0,10.0,41.0,24.77464458,85.63608688,6.738993954,105.7595811,pomegranate
36.0,7.0,37.0,19.8671184,86.35590206,5.782435567,108.3168858,pomegranate
4.0,20.0,41.0,24.26601316,93.7974061,6.537042717,104.5375109,pomegranate
29.0,22.0,40.0,23.62600218,89.73266695,6.145104401,107.6836871,pomegranate
16.0,15.0,42.0,19.67832052,89.08935702,6.890784045,108.5468633,pomegranate
18.0,27.0,41.0,22.36509395,92.30882391,7.175344328,104.8216333,pomegranate
11.0,18.0,42.0,21.57936934,94.88267728,5.938528744,102.8593382,pomegranate
5.0,15.0,38.0,18.26233221,88.16779129,5.709380472,108.0756727,pomegranate
18.0,23.0,44.0,23.71028128,89.61794165,6.184400085,105.64999070000002,pomegranate
9.0,8.0,40.0,22.48720144,89.9224883,6.553509673,111.6631582,pomegranate
40.0,27.0,45.0,21.66024980000001,94.79397419,5.885638185,112.4349689,pomegranate
22.0,23.0,44.0,20.13037175,89.31505137,6.1438746910000015,107.3416913,pomegranate
9.0,16.0,39.0,18.41164435,91.11927248,6.101198974,105.1834976,pomegranate
12.0,29.0,40.0,19.68291173,89.75272999,6.594037135,111.2818551,pomegranate
0.0,17.0,42.0,23.20242586,91.19442671,6.8598408210000015,109.0946323,pomegranate
2.0,21.0,44.0,18.92157197,87.31290342,6.56893406,102.8013275,pomegranate
28.0,6.0,40.0,22.10621387,91.34039616,6.769855664,106.8704803,pomegranate
8.0,23.0,44.0,18.47412402,89.68919664,7.130837931,108.4758509,pomegranate
29.0,16.0,36.0,19.81069447,88.92944254,5.7403380020000006,102.860084,pomegranate
17.0,18.0,43.0,24.4880844,90.83687246,5.843005428,103.1969341,pomegranate
34.0,21.0,42.0,18.75927679,89.93457597,6.648687273999999,111.0196744,pomegranate
21.0,23.0,42.0,19.54128063,90.29751796,6.902751061,104.3739878,pomegranate
25.0,17.0,40.0,18.91251245,87.74938524,6.608023872,111.28005159999998,pomegranate
8.0,25.0,36.0,19.91330523,94.95031368,6.828522375,104.0277061,pomegranate
26.0,18.0,42.0,19.72620525,89.64934166,6.910374919,108.22872759999998,pomegranate
4.0,19.0,42.0,23.83185873,87.84034604,6.306605528,111.2232716,pomegranate
36.0,24.0,41.0,24.94467632,94.25702672,7.009180374,103.8799347,pomegranate
5.0,24.0,40.0,24.692258,93.87030088,6.297907578999999,104.6735454,pomegranate
19.0,17.0,39.0,24.72485577,85.56083187,6.728599215,111.2787584,pomegranate
39.0,30.0,38.0,20.12644921,87.59629625,6.965156737999999,108.065579,pomegranate
5.0,29.0,44.0,21.02432943,93.0569505,5.578095745,104.7847006,pomegranate
4.0,24.0,43.0,22.40423537,88.1508343,7.199504273,109.8695196,pomegranate
38.0,21.0,35.0,20.33691147,89.38003827,5.841367187,110.9653137,pomegranate
37.0,11.0,36.0,24.24779615,85.56033312,6.710143266,106.9216033,pomegranate
9.0,25.0,41.0,24.81530144,91.90842992,5.972714857000001,109.2853418,pomegranate
29.0,22.0,43.0,19.66329768,87.95158129,5.561851831,106.0380805,pomegranate
5.0,21.0,38.0,22.43377991,90.3396556,6.107054807999999,112.459697,pomegranate
22.0,26.0,38.0,22.92052307,85.12912161,6.988035315,110.2437841,pomegranate
4.0,18.0,37.0,22.91843172,85.40695044,7.13147457,106.2817706,pomegranate
21.0,6.0,41.0,24.88244467,89.39686219,7.086947687,107.1951707,pomegranate
29.0,21.0,45.0,23.40981539,93.13277,6.749260456,105.2240743,pomegranate
23.0,5.0,44.0,21.20725375,94.26304717,7.16300467,107.5660804,pomegranate
13.0,7.0,43.0,18.20230419,91.12282162,7.013481515,109.66239740000002,pomegranate
5.0,13.0,37.0,22.34375696,89.7870345,5.648243648999999,103.3183074,pomegranate
27.0,24.0,41.0,24.32770134,90.88292835,6.610251186,110.4606459,pomegranate
7.0,23.0,35.0,19.75088482,88.71691157,7.054313822999999,102.5538035,pomegranate
12.0,20.0,39.0,19.86173586,86.19740917,6.026999326,111.0217929,pomegranate
4.0,19.0,43.0,18.07132963,93.14554876,5.7794274020000005,106.3602023,pomegranate
3.0,9.0,45.0,23.89162561,89.61850203,6.535244251,104.617522,pomegranate
1.0,27.0,36.0,23.98598756,93.34236582,5.684995235,104.991282,pomegranate
23.0,30.0,44.0,20.93892916,85.42912869,6.12476108,103.0295938,pomegranate
24.0,21.0,42.0,20.82210727,87.22815682,6.999014379,109.4429934,pomegranate
13.0,30.0,37.0,20.86474944,91.61793636,6.277148771,106.8685636,pomegranate
40.0,11.0,44.0,24.45840036,86.10874614,6.322396027000001,111.3779693,pomegranate
21.0,9.0,40.0,24.51147697,90.64498715,5.956401828,105.6209954,pomegranate
3.0,27.0,44.0,24.56811204,92.03009222,6.591302797000001,110.9633894,pomegranate
40.0,29.0,42.0,24.63228709,89.01574455,7.104094929,110.6956184,pomegranate
14.0,25.0,40.0,20.07386547,90.97819712,6.407872061,103.7084055,pomegranate
38.0,14.0,37.0,21.80523051,94.63612858,6.658402594,102.6488846,pomegranate
34.0,9.0,36.0,22.8122645,86.34233767,6.276038961,110.4432293,pomegranate
32.0,14.0,37.0,22.73031253,88.48567856,6.825256236,104.6843243,pomegranate
18.0,21.0,35.0,23.2801227,94.94330457,6.368560522,111.1382096,pomegranate
8.0,23.0,38.0,19.30106297,87.1775172,7.005410734,105.4766591,pomegranate
15.0,6.0,41.0,19.0087067,88.83768149,6.8973684770000006,108.6793978,pomegranate
0.0,5.0,36.0,24.35193812,90.88612388,6.152906502,105.529185,pomegranate
22.0,9.0,44.0,24.72235539,88.87651295,5.744361602000001,112.1926517,pomegranate
14.0,8.0,43.0,21.92513945,94.46485312,7.051654924,111.71620159999998,pomegranate
31.0,11.0,45.0,24.83954414,86.88738076,6.034612928,107.6435771,pomegranate
39.0,17.0,45.0,18.09691127,90.42177379,6.9244907310000015,104.88188999999998,pomegranate
10.0,5.0,42.0,20.24104904,91.08706822,6.887005997,109.2537734,pomegranate
8.0,28.0,38.0,23.22594,94.42971362,6.8444019,105.6917856,pomegranate
32.0,13.0,42.0,23.50128217,92.97527546,5.786058032000001,106.61905,pomegranate
18.0,9.0,40.0,19.44623085,89.02127045,5.627186257000001,106.1606833,pomegranate
20.0,27.0,41.0,20.51343484,92.51675903,5.700088663,110.5764023,pomegranate
39.0,25.0,36.0,18.90223032,94.99897537,5.567805185,107.6103211,pomegranate
20.0,7.0,45.0,18.90592319,89.24126808,6.077886012,112.4750941,pomegranate
11.0,10.0,45.0,22.63045168,88.45577158,6.397995609,109.0357597,pomegranate
40.0,18.0,43.0,19.38603815,86.79058496,5.767372539,109.91309840000002,pomegranate
3.0,26.0,39.0,24.38318965,91.19431555,7.079973241,103.6012114,pomegranate
9.0,16.0,36.0,23.77989026,92.93386903,5.893332377999999,106.977723,pomegranate
30.0,20.0,38.0,22.59890174,93.16343942,7.058222596,110.0932899,pomegranate
40.0,9.0,41.0,24.37766782,85.4017118,5.78270695,106.128338,pomegranate
40.0,30.0,35.0,20.89273273,91.07776977,6.269663962999999,104.4407083,pomegranate
32.0,25.0,35.0,18.09903225,85.70786282,5.892913826,107.0050976,pomegranate
33.0,23.0,45.0,20.00218987,85.83618191,7.116538883,112.337046,pomegranate
4.0,14.0,41.0,19.85139326,89.80732335,6.430163481,102.8186358,pomegranate
13.0,17.0,45.0,21.25433607,92.65058936,7.159520979,106.2784673,pomegranate
39.0,24.0,39.0,23.65374106,93.32657504,6.431265737,109.8076178,pomegranate
8.0,28.0,37.0,23.88404783,86.20613842,6.082571701,108.3121789,pomegranate
91.0,94.0,46.0,29.36792366,76.24900101,6.149934034,92.82840911,banana
105.0,95.0,50.0,27.33368994,83.67675197,5.849076099,101.0494791,banana
108.0,92.0,53.0,27.40053601,82.96221306,6.276800323,104.9378,banana
86.0,76.0,54.0,29.3159075,80.11585705,5.926824754,90.10978128,banana
80.0,77.0,49.0,26.05433004,79.39654531,5.519088423,113.2297373,banana
93.0,94.0,53.0,25.86632408,84.42379269,6.079178787999999,114.5357503,banana
90.0,92.0,55.0,27.00932084,80.18546798,6.13465588,97.32531705,banana
108.0,89.0,53.0,29.55054817,78.06762846,5.808497603999999,99.34482238,banana
108.0,88.0,55.0,26.28845991,83.390039,5.891458107,113.8729798,banana
105.0,77.0,52.0,29.16226551,76.16151562,5.816622478999999,100.0075679,banana
118.0,88.0,52.0,28.65003945,82.68752542,5.8431631610000005,98.75084366,banana
101.0,87.0,54.0,29.07311132,76.50045221,6.376756632999999,100.1692639,banana
95.0,75.0,50.0,28.08166093,75.26429821,5.623615687000001,118.2761894,banana
106.0,85.0,53.0,27.1994597,78.80860679999998,5.91505509,99.72430835,banana
86.0,95.0,49.0,28.05484146,78.04602887,6.458714879,108.3957179,banana
83.0,79.0,55.0,25.14748006,83.34688193,5.565028635,98.66679427,banana
85.0,95.0,47.0,25.94019018,78.3422098,6.211833161,119.84797,banana
109.0,79.0,45.0,27.66752761,79.68542782,6.490074429,108.66464,banana
100.0,76.0,45.0,25.56703012,75.94067692,5.590236025,102.7867717,banana
117.0,86.0,48.0,28.6956201,82.54195839,6.225225238999999,116.1616839,banana
114.0,94.0,53.0,26.33544853,76.8532006,6.190757458999999,118.6858263,banana
110.0,78.0,50.0,25.93730186,78.89864446,5.915568968,98.21747528,banana
94.0,70.0,48.0,25.13686519,84.88394407,6.195152442,91.46442491,banana
80.0,71.0,47.0,27.50527651,80.79783998,6.156373499,105.0776992,banana
114.0,79.0,51.0,26.21009246,82.34429458,6.313197204,112.0700033,banana
88.0,78.0,45.0,29.10403455,79.19588629,6.324270089,92.07835761,banana
112.0,73.0,48.0,29.244063800000006,77.32017166,5.7074889870000005,90.66727868,banana
117.0,76.0,47.0,25.56202173,77.38229006,6.119216009,93.10247183,banana
111.0,87.0,48.0,26.3985515,81.36028902,5.571401169,98.16752001,banana
89.0,83.0,47.0,28.09577643,77.79586769,5.63127166,109.5408614,banana
93.0,91.0,47.0,27.84767901,83.31110751,6.101241579,117.2878912,banana
92.0,81.0,52.0,27.39341554,81.4654833,6.438137278999998,94.31102057,banana
105.0,74.0,45.0,25.14517635,81.38204104,6.098369122,119.218154,banana
102.0,71.0,48.0,28.65456263,79.28693687,5.695267822000001,102.4633775,banana
94.0,91.0,51.0,29.16093424,76.67484233,5.6180944460000015,109.575944,banana
116.0,71.0,47.0,27.57278064,82.0638878,6.435785799,91.34276507,banana
117.0,79.0,49.0,25.40909896,82.36208097,6.176644228,112.9794804,banana
119.0,72.0,55.0,25.99069521,83.33983116,6.220643671,112.0777152,banana
99.0,73.0,53.0,26.29039046,81.06003778,5.8717022110000014,118.6730366,banana
91.0,84.0,52.0,29.14827211,78.71024836,6.390741836,117.536781,banana
80.0,90.0,47.0,26.59743595,79.35898915,6.21084479,107.3944717,banana
101.0,70.0,48.0,25.36059237,75.03193255,6.012696655,116.5531455,banana
108.0,89.0,53.0,29.12036889,80.18080728,5.908770059,112.3982055,banana
100.0,80.0,52.0,27.53911354,77.25629897,6.049801781,110.3262123,banana
109.0,91.0,53.0,29.66727337,83.51014178,6.010095852999999,110.2511102,banana
82.0,78.0,46.0,25.05802193,84.97323747,5.738678895,110.4408803,banana
106.0,70.0,55.0,25.86824781,78.52399914,5.74055541,116.3019555,banana
90.0,86.0,52.0,25.85036988,81.95580471,5.793260262,119.08561709999998,banana
83.0,95.0,50.0,26.51682337,77.79913575,5.50947065,108.8547508,banana
119.0,90.0,48.0,28.66725136,79.59242542,5.986442306,118.2583441,banana
107.0,72.0,45.0,28.14938935,81.54448882,5.790768046,91.40508414,banana
116.0,81.0,55.0,26.42313317,83.69950440000002,5.915546415,95.12322062,banana
101.0,75.0,50.0,26.59386409,81.40740301,6.242528277999999,109.9825551,banana
93.0,81.0,50.0,27.71822477,76.57853189,6.0360792660000016,102.2099836,banana
95.0,75.0,45.0,28.98333432,82.95958244,5.829898502000001,109.022564,banana
107.0,71.0,55.0,29.42017919,83.96754496,6.088064451,117.229079,banana
83.0,94.0,47.0,27.39872329,81.10523402,6.469370954,112.1355384,banana
102.0,73.0,54.0,26.4020227,84.41007614,5.720726906,111.0162259,banana
86.0,79.0,45.0,27.81251452,82.69285419,5.80766417,99.20961514,banana
117.0,86.0,53.0,25.19640218,83.55829874,5.703381727999999,115.8586081,banana
111.0,79.0,53.0,28.31193338,75.77363772,6.165001277999999,119.695765,banana
95.0,74.0,50.0,25.90113128,80.47152737,6.002481605,110.10323,banana
91.0,75.0,55.0,27.48612983,76.11239849,6.212369363,109.2768851,banana
93.0,83.0,46.0,29.38254012,83.50423735,5.765308943,109.2486647,banana
92.0,85.0,51.0,29.22118628,81.08183635,5.740764682000001,108.8616474,banana
104.0,80.0,54.0,27.09062164,81.33506906,5.879119455,110.1331182,banana
103.0,72.0,51.0,26.12643374,81.81365007,6.099478745,104.4812858,banana
92.0,75.0,45.0,29.01207743,77.95192527,5.674403358999999,90.43495443,banana
93.0,85.0,49.0,27.96799119,79.28625709,5.694243847,119.4765557,banana
120.0,87.0,52.0,28.0764455,76.05522115,5.905494703,118.99235729999998,banana
108.0,72.0,46.0,25.16278237,84.97849241,6.110844721,90.94554618,banana
105.0,88.0,54.0,25.78749808,84.51194224,6.020445317,114.2005455,banana
98.0,79.0,50.0,25.34119774,84.47321314,6.435917308,91.06493353,banana
111.0,88.0,55.0,29.44795403,78.34971537,5.505393832999999,96.45042585,banana
97.0,74.0,45.0,26.47522633,78.51833782,5.677719902000001,113.1161095,banana
95.0,82.0,48.0,27.39489579,83.31172003,5.719014989,92.78133617,banana
89.0,91.0,55.0,25.08347445,80.26173100000003,6.275572297999999,94.32961456,banana
89.0,85.0,55.0,26.671983500000003,76.48541655,6.275384607,91.73358569,banana
118.0,88.0,51.0,25.44926208,79.49221962,6.201911642000001,100.6619171,banana
101.0,92.0,45.0,28.22776705,80.64303840000002,5.758054257,98.00403016,banana
99.0,92.0,47.0,28.127950899999995,77.48247073,6.3239336470000005,103.5045395,banana
82.0,77.0,46.0,28.9470467,82.1888998,5.901100841,95.83016448,banana
90.0,86.0,55.0,27.96236771,84.15403614,5.644486582000001,97.55986676,banana
95.0,88.0,52.0,28.00316034,78.90085998,6.235461772000001,94.68180316,banana
104.0,73.0,46.0,29.1400919,80.1190228,6.28236237,90.45142867,banana
102.0,73.0,52.0,27.9122104,83.36307683,6.356090905,90.24211529,banana
100.0,74.0,52.0,25.43480512,81.53977797,5.837258235,96.47800391,banana
94.0,89.0,48.0,28.55980972,84.51602322,5.653437902,111.0843029,banana
99.0,70.0,46.0,26.59580783,82.99556744,5.727469947,100.5123341,banana
112.0,87.0,48.0,27.19711623,77.39706290000002,6.200111067999999,99.46950465,banana
117.0,82.0,45.0,25.29391516,79.29122198,5.614471478,105.4220251,banana
96.0,86.0,51.0,29.90888522,76.98740841,6.257369799,91.99964712,banana
113.0,85.0,45.0,27.94972463,76.63713353,6.037430836,109.0921631,banana
105.0,93.0,46.0,25.01018457,78.76260938,5.760457558,108.3690513,banana
85.0,89.0,51.0,29.21144871,84.70189923,6.1581644220000005,108.5501443,banana
108.0,94.0,47.0,27.35911627,84.54625006,6.387431382999999,90.81250457,banana
92.0,81.0,52.0,28.0106804,76.52808057,5.891413895,103.7040783,banana
110.0,71.0,54.0,28.67208915,82.20793613,5.725418961,94.37987496,banana
82.0,75.0,55.0,27.34585147,78.48738349999998,6.281069505,92.15524332,banana
117.0,81.0,53.0,29.50704598,78.20585613,5.507641777999999,98.12565829,banana
2.0,40.0,27.0,29.73770045,47.54885174,5.954626604,90.09586854,mango
39.0,24.0,31.0,33.55695561,53.72979826,4.757114897,98.67527561,mango
21.0,26.0,27.0,27.00315545,47.67525434,5.6995869720000005,95.85118326,mango
25.0,22.0,25.0,33.56150184,45.53556603,5.977413802999999,95.70525913,mango
0.0,21.0,32.0,35.89855625,54.25964196,6.430139436,92.19721736,mango
20.0,19.0,35.0,34.17719782,50.62161586,6.113935087000001,98.00687989,mango
19.0,21.0,34.0,30.01592643,53.19212381,5.074272692,97.72843182,mango
18.0,17.0,31.0,31.74592134,45.16127859,5.667507706,93.75441586,mango
11.0,36.0,33.0,35.99009679,52.22780489,5.978634285,95.3713484,mango
30.0,28.0,30.0,31.86641378,52.19331595,5.064613314,98.46768642,mango
18.0,19.0,27.0,27.75518664,52.34605806,4.772385986000001,94.11213345,mango
23.0,23.0,27.0,34.72413192,51.4271781,5.161148592,97.31258083,mango
37.0,30.0,34.0,27.53907547,53.63549533,6.797779227,99.35408185,mango
11.0,27.0,30.0,27.69637763,48.56224879999999,6.39474303,89.85646496,mango
12.0,19.0,31.0,27.25373364,52.66319725,5.566704378,91.87312479,mango
3.0,28.0,33.0,30.33723921,48.88704844,5.755049971,94.42850522,mango
37.0,38.0,32.0,31.85744939,45.53106268,5.417340525,91.55845821,mango
26.0,37.0,30.0,35.39986338,49.45962621,6.166173833999999,97.41054011,mango
14.0,18.0,30.0,29.80747243,52.13797867,5.191265116,95.74606104,mango
40.0,16.0,35.0,34.16438906,54.16482251,4.954739564,98.33351125,mango
4.0,20.0,25.0,28.93270187,47.94053996,5.664587011,99.9834242,mango
36.0,25.0,33.0,27.98392787,53.33018851,5.548584852,99.61465679,mango
30.0,17.0,31.0,31.20478173,54.49960506,6.804437106,94.62954663,mango
28.0,37.0,28.0,32.13409675,50.52559148,6.097869767000001,98.63333684,mango
38.0,15.0,30.0,28.91862016,48.13974548,5.075504537,97.01331604,mango
12.0,37.0,30.0,31.09779147,47.41196659,4.546466109,90.28624348,mango
38.0,19.0,31.0,34.73823882,49.08864345,5.855119267999999,90.65022183,mango
8.0,33.0,29.0,29.98080499,49.48613279,6.442393461,91.82271568,mango
15.0,27.0,28.0,33.80398664,46.12866113,4.507523551,90.82549241,mango
34.0,16.0,25.0,30.07202564,50.96040505,6.10729559,92.09609766,mango
11.0,36.0,31.0,27.92063282,51.77965917,6.47544932,100.2585673,mango
33.0,29.0,34.0,31.40948821,49.21729127,6.832979508999999,92.99739415,mango
12.0,31.0,26.0,35.7877738,51.94190321,5.395275719,100.2160615,mango
12.0,34.0,28.0,33.36140093,45.02236377,6.13526938,98.81596545,mango
5.0,16.0,31.0,35.96054636,48.69677802,4.555688532,98.00644238,mango
1.0,30.0,29.0,28.33333307,51.39586505,6.4341977560000005,91.67241761,mango
16.0,35.0,31.0,32.27652024,50.19368841,5.316875978000001,95.99487068,mango
35.0,18.0,26.0,31.99490489,50.84881347,5.279388967,97.38741498,mango
4.0,40.0,26.0,27.58258929,48.56916221,6.720041791,95.8445641,mango
9.0,29.0,34.0,29.38471637,45.88744691,5.72742254,100.8124659,mango
2.0,38.0,33.0,32.38697531,53.2328243,4.691396195,90.21633216,mango
26.0,32.0,32.0,30.91471455,49.92963856,6.810186079,90.14047759,mango
34.0,38.0,31.0,35.37775595,45.58110023,6.454045329,97.41586402,mango
5.0,32.0,33.0,32.32362177,52.58967710000001,5.842763773,93.36718816,mango
31.0,29.0,26.0,28.22373428,47.40519056,5.024124683999999,97.76832322,mango
34.0,34.0,35.0,27.27433181,47.16808054,6.422710539,95.257992,mango
36.0,19.0,32.0,27.10710832,50.70880979,4.94295037,92.37238878,mango
7.0,17.0,26.0,34.89226666,48.75613373,6.414526606,91.63074547,mango
38.0,15.0,27.0,33.7462686,48.50387598,6.777788126,92.26439205,mango
5.0,19.0,25.0,27.351105600000004,54.43945147,6.441328044,96.27792547,mango
37.0,36.0,26.0,32.89300162,52.61323969,4.650536197,94.49161372,mango
21.0,31.0,32.0,35.38598705,51.42664176,5.254532213,90.29643888,mango
37.0,36.0,27.0,27.552973600000005,47.90859131,5.910634533,90.40332704,mango
23.0,23.0,30.0,32.82141065,47.45553843,4.755273631000001,90.89173106,mango
36.0,26.0,26.0,30.17294105,51.0845903,6.814630246,95.23444287,mango
24.0,33.0,35.0,29.26382931,54.82257868,5.342866119,100.7586226,mango
26.0,18.0,30.0,32.06097197,51.08494181,6.336234623999999,96.59816497,mango
22.0,17.0,26.0,28.69818144,47.71875722,4.754435025,99.642454,mango
11.0,34.0,32.0,29.14305008,49.40983294,6.831706773,97.55155537,mango
29.0,35.0,28.0,28.347161100000005,53.53903102,6.9674177660000005,90.40260445,mango
22.0,28.0,26.0,27.67256197,45.41692012,4.947683034,92.84991507,mango
23.0,24.0,32.0,28.1218093,46.16888595,5.630619901,93.30247448,mango
1.0,35.0,34.0,30.79375683,46.69536813,6.27339822,92.21318555,mango
2.0,24.0,34.0,28.89409382,54.80750249,6.472774648,94.76322976,mango
39.0,37.0,25.0,33.33024826,45.61143594,6.953246506,98.28583013,mango
15.0,36.0,27.0,27.78912455,53.96886679,5.6437102160000014,91.01152997,mango
3.0,18.0,31.0,31.65333432,48.20662669,6.392313972999999,91.09745581,mango
8.0,38.0,32.0,29.75150773,46.73723302,4.981816523,91.405983,mango
33.0,31.0,34.0,31.32995611,50.22287593,5.421265282999999,89.78216168,mango
14.0,29.0,32.0,35.63627319,48.97047762,6.942520105,97.51952041,mango
18.0,20.0,26.0,31.66524687,51.98594645,5.435840509,89.98024312,mango
9.0,21.0,32.0,32.26935342,53.56092806,5.870116071,95.94035356,mango
20.0,30.0,27.0,27.81005614,51.59445462,4.74910393,95.89898581,mango
9.0,38.0,25.0,34.58561471,50.34035336,5.497946899,100.3060719,mango
26.0,24.0,34.0,31.27180992,52.23810152,6.811291098,89.74409017,mango
31.0,36.0,29.0,33.93679864,52.72170281,6.460542749,97.4611918,mango
14.0,18.0,35.0,31.09154239,47.02058367,4.791146778,91.46664318,mango
40.0,16.0,35.0,31.89356292,49.02450149,6.4841522000000005,89.59371481,mango
28.0,27.0,34.0,32.45465292,50.69693751,6.526654345,95.04871605,mango
0.0,17.0,30.0,35.47478322,47.97230503,6.279133738,97.79072474,mango
1.0,29.0,29.0,27.32961444,49.30347234,6.052026047000001,93.53197359,mango
2.0,36.0,31.0,30.90225239,49.95955487,5.73171945,91.77522598,mango
12.0,27.0,26.0,29.09382275,45.5661059,5.32307197,96.23520043,mango
7.0,28.0,35.0,30.02086169,46.78393776,4.66910839,96.63721027,mango
0.0,36.0,26.0,34.13072188,51.25786185,5.101206389,96.38808001,mango
26.0,35.0,31.0,33.44619894,53.05980465,5.339556562,98.05089394,mango
27.0,21.0,30.0,35.3915464,52.48823147,5.061081874,91.22881052,mango
22.0,38.0,31.0,31.53356352,53.06009323,5.8211060360000015,98.57025046,mango
22.0,18.0,31.0,30.764551500000003,47.93791463,5.956027059,90.38503469,mango
28.0,23.0,28.0,30.01821337,50.09831810000001,5.676032581,96.08745082,mango
7.0,31.0,27.0,31.32863689,47.59319575,6.524114355,94.67344737,mango
29.0,34.0,26.0,33.88004781,54.39416048,6.2739536760000005,89.29147581,mango
8.0,37.0,33.0,28.07802689,54.9640534,6.128167757000001,97.45373619,mango
39.0,16.0,27.0,35.53845018,52.94641947,4.934964765,91.54560427,mango
40.0,24.0,25.0,28.70595247,50.44030129,5.445008416,95.8946444,mango
19.0,38.0,26.0,31.48451729,48.77926304,4.525722333,93.17221967,mango
21.0,21.0,30.0,27.69819273,51.41593238,5.403908327999999,100.7720705,mango
22.0,18.0,33.0,30.41235793,52.48100602,6.621623545,93.92375879,mango
31.0,20.0,30.0,32.17752026,54.01352682,6.207495815,91.88766069,mango
18.0,26.0,31.0,32.611261400000004,47.74916499,5.418475257000001,91.10190759,mango
24.0,130.0,195.0,29.99677232,81.54156612,6.112305667,67.12534492,grapes
13.0,144.0,204.0,30.7280404,82.42614055,6.092241627000001,68.38135469,grapes
22.0,123.0,205.0,32.44577836,83.88504863,5.896343436,68.73932528,grapes
36.0,125.0,196.0,37.46566825,80.65968681,6.15526103,66.83872293,grapes
24.0,131.0,196.0,22.03296178,83.74372787,5.732453638,65.34440794,grapes
2.0,123.0,198.0,39.64851881,82.21079946,6.253034534,70.39906054,grapes
35.0,140.0,197.0,16.77557314,82.75241875,6.106190557000001,66.76285469,grapes
11.0,122.0,195.0,12.14190714,83.56812483,5.647202395,69.63122027,grapes
6.0,123.0,203.0,12.7567962,81.62497448,6.130310493,66.77844567,grapes
17.0,134.0,204.0,39.04071989,80.18393287,6.499604931,73.88467027,grapes
25.0,130.0,197.0,39.70772192,82.68593454,5.554831977,74.91506217,grapes
27.0,145.0,205.0,9.467960445,82.29335466,5.800242694,66.02765219,grapes
9.0,122.0,201.0,29.58748357,80.91934392,5.570290539,68.06417307,grapes
16.0,139.0,203.0,17.82803682,80.96093443,6.27564088,65.84748763,grapes
32.0,141.0,204.0,8.825674745,82.89753705,5.536645599,67.235765,grapes
22.0,138.0,195.0,27.83487131,83.51444973,6.208196881,73.02882766,grapes
31.0,144.0,202.0,11.02105378,80.55557235,5.870600622,68.23963161,grapes
3.0,136.0,205.0,17.5862944,80.84806564,6.334771461,71.40654520000002,grapes
28.0,122.0,197.0,19.89363946,82.73366439,5.856575335,69.66256816,grapes
4.0,136.0,204.0,29.93707596,81.77713468,5.898944282,65.52279323,grapes
39.0,145.0,201.0,36.73126647,80.58931938,5.775600435,72.24230804,grapes
38.0,132.0,197.0,20.42094753,81.54185044,5.931101816,66.93065667,grapes
36.0,133.0,198.0,25.51939719,83.98351748,6.2286454,69.17281221,grapes
25.0,121.0,201.0,30.50734778,82.71775569,5.594240602999999,70.08200379,grapes
15.0,125.0,199.0,18.426993600000007,80.55625868,5.569230319,69.75734306,grapes
24.0,140.0,205.0,12.087022,83.59398734,5.93202852,68.66813363,grapes
13.0,132.0,203.0,23.60115364,82.48336987,6.423216506,73.23901752,grapes
5.0,126.0,197.0,12.80000387,81.20876367,6.417500829,67.10439401,grapes
30.0,120.0,200.0,38.06099482,82.24729637,6.234904253,65.70148216,grapes
23.0,142.0,197.0,39.06555518,82.03812973,6.000573725,69.30772897,grapes
26.0,135.0,203.0,33.78372897,81.16314317,5.6851027689999984,74.53557341,grapes
7.0,126.0,203.0,16.76201707,82.00335557,5.662140095,73.28712806,grapes
32.0,139.0,198.0,35.89307536,82.66850729,6.358186848,66.53946559,grapes
9.0,141.0,202.0,21.01245395,81.17931863,6.119495295,66.38448261,grapes
20.0,142.0,196.0,10.89875873,80.01639435,6.207600782999999,68.69420397,grapes
32.0,129.0,201.0,16.36251869,83.00471609,6.48754639,71.55665483,grapes
3.0,134.0,199.0,20.28370163,81.32235739,5.81717753,71.06611222,grapes
38.0,138.0,204.0,25.11108456,83.25447587,6.325480034,73.01026829,grapes
14.0,131.0,198.0,33.4641162,83.86742974,5.562790949,67.92204319,grapes
20.0,122.0,204.0,11.7976469,80.86325389,6.487369687,65.06962486,grapes
40.0,126.0,201.0,11.36300891,80.03100049,6.116982944,71.18289431,grapes
36.0,128.0,204.0,25.23542319,80.68700527,5.695792761,67.03840888,grapes
11.0,132.0,197.0,15.99050693,81.23966573,5.7343170070000005,74.40198861,grapes
0.0,137.0,195.0,22.4359017,80.18612085,6.329499832000001,65.3973168,grapes
19.0,123.0,200.0,34.76086052,81.03544763,6.167013532,65.70430027,grapes
31.0,136.0,197.0,31.11047251,83.34010951,5.653776057999999,71.43001582,grapes
4.0,134.0,200.0,28.57828803,80.95628959,5.840256272,73.34232097,grapes
39.0,139.0,201.0,41.18664903,81.01783402,5.5399808120000005,68.68895899,grapes
8.0,127.0,196.0,27.02766138,83.17093908,5.833302165,70.95666003,grapes
39.0,138.0,203.0,21.19339319,82.33098331,6.399433771,74.62834921,grapes
32.0,120.0,204.0,10.38004759,83.44518113,6.138958698,67.39173790000001,grapes
12.0,142.0,203.0,31.3115978,82.56407013,5.972850837999999,65.01095312,grapes
8.0,133.0,195.0,20.46657776,80.97598029,6.456079585,71.29813872,grapes
8.0,139.0,199.0,29.36947679,81.53996362,6.3364266670000005,66.13442813,grapes
21.0,134.0,202.0,10.72302459,80.02130636,6.425419926,65.29821120000001,grapes
40.0,140.0,195.0,14.97846952,80.49979873,6.2943956760000015,71.63437433,grapes
39.0,127.0,202.0,15.3246651,81.67215994,6.477768039,71.60102999,grapes
19.0,120.0,195.0,18.73932187,81.12109244,5.931538447,73.55807954,grapes
21.0,139.0,201.0,19.3642553,83.36094029,5.980598579,67.15094741,grapes
17.0,136.0,195.0,41.20733624,81.61051026,6.389783283,65.90227462,grapes
33.0,139.0,203.0,33.34214482,82.51034633,5.693287415,70.68098614,grapes
22.0,133.0,201.0,23.81995682,80.12211649,6.00299607,67.27398640000001,grapes
32.0,130.0,196.0,40.66012294,81.24995984,6.372959542,74.03030056,grapes
37.0,135.0,205.0,11.82768186,80.2827185,5.510924848999999,74.10225057,grapes
15.0,140.0,195.0,13.28504331,83.54193816,5.69945282,65.80006004,grapes
39.0,132.0,196.0,35.83089092,83.32560104,5.778594403,73.67984885,grapes
40.0,121.0,199.0,26.18159716,81.03886263,6.315586313,66.05911698,grapes
40.0,132.0,202.0,24.57558351,80.70695797,5.9718130060000005,69.706113,grapes
29.0,142.0,203.0,29.67229086,83.71498986,5.891195653,66.48490371,grapes
32.0,121.0,199.0,39.37102553,81.25353895,6.129812716,74.08101744,grapes
6.0,140.0,205.0,17.66558428,82.92903419,6.313085601,69.8671263,grapes
8.0,120.0,196.0,24.06679352,82.66396666,6.053662544,69.81855775,grapes
34.0,133.0,202.0,15.31413469,80.09711412,5.804799142,74.82144653,grapes
35.0,135.0,199.0,21.77466746,80.54942557,6.400719746,69.39630398,grapes
16.0,145.0,199.0,26.91624843,80.76838926,5.953966361,69.30927185,grapes
8.0,136.0,201.0,41.65602996,82.22118237,5.6092559920000005,74.19664838,grapes
25.0,129.0,195.0,17.98667801,81.17712085,5.777271492000001,72.37127689,grapes
16.0,130.0,201.0,29.12033769,82.79092939,5.682395429,68.8503047,grapes
39.0,129.0,203.0,34.38922481,83.18392806,5.863996687,71.03001556,grapes
38.0,135.0,203.0,41.36106301,82.79782954,6.444373116,69.92107482,grapes
33.0,120.0,205.0,35.12158265,82.26890793,5.550832177999999,69.71518491,grapes
35.0,125.0,204.0,19.6491772,80.15215777,6.107741787999999,73.69529586,grapes
1.0,132.0,200.0,16.27852801,82.94270065,5.620745638,66.57462809,grapes
39.0,140.0,203.0,21.11903604,80.63399198,6.349875906,69.27779761,grapes
28.0,145.0,202.0,19.2077707,82.90428409999998,6.484323189,66.83113717,grapes
6.0,128.0,200.0,25.96308415,82.57813624,5.838748311,70.31782647,grapes
6.0,139.0,199.0,25.67385024,81.6212135,6.29099842,74.10919422,grapes
29.0,122.0,196.0,41.94865736,81.15595212,5.638328481,73.06862952,grapes
37.0,144.0,197.0,11.18994268,80.8084305,6.415555956,66.34234944,grapes
38.0,120.0,197.0,17.5438296,82.94703302,6.323722572,73.77063744,grapes
38.0,141.0,198.0,13.05809741,80.28297993,5.757009965,70.75633584,grapes
14.0,121.0,203.0,9.724457611,83.74765639,6.1586894060000015,74.46411148,grapes
6.0,125.0,204.0,27.92004934,82.93262435,5.7335398070000005,69.92092839,grapes
32.0,138.0,197.0,9.535585543,80.73112694,5.908724337000001,69.44115171,grapes
11.0,124.0,204.0,13.42988625,80.06633966,6.361141107000001,71.40043037,grapes
23.0,138.0,200.0,9.851242629,80.22631717,5.96537863,68.42802444,grapes
40.0,143.0,201.0,24.97256132,82.72828653,6.476757723,66.70016285,grapes
6.0,142.0,202.0,27.23708304,82.94573346,6.224542938,70.42508897,grapes
37.0,124.0,195.0,18.70679077,83.4795292,6.209928251,66.5964488,grapes
35.0,134.0,204.0,9.949929082,82.55138983,5.841138354,66.00817551,grapes
119.0,25.0,51.0,26.47330219,80.92254421,6.283818329,53.65742581,watermelon
119.0,19.0,55.0,25.18780042,83.44621709,6.818261382999999,46.87420883,watermelon
105.0,30.0,50.0,25.29954705,81.77527562,6.37620108,57.04147057,watermelon
114.0,8.0,50.0,24.74631269,88.30866319,6.581587932000001,57.95826144,watermelon
93.0,22.0,52.0,26.58740671,81.32563243,6.932739726,41.87540028,watermelon
80.0,26.0,55.0,24.53442564,88.989272,6.140099215,49.11618732,watermelon
85.0,27.0,45.0,26.0713757,88.7285657,6.467095849,57.79652846,watermelon
85.0,22.0,53.0,25.96534238,89.77076659,6.849471704,59.46338556,watermelon
82.0,22.0,45.0,26.22338015,85.34866045,6.512196212,54.60159289,watermelon
118.0,13.0,54.0,24.41311871,89.81574032,6.039584629,44.07843475,watermelon
83.0,25.0,53.0,26.49195283,80.04678201,6.057697106,57.72799157,watermelon
86.0,15.0,47.0,24.04355803,84.18406764,6.423898762,53.78929956,watermelon
101.0,10.0,47.0,25.5421695,83.31883376,6.936997681,57.57343233,watermelon
119.0,9.0,50.0,26.74550678,83.9195902,6.251286661,40.794305,watermelon
104.0,17.0,46.0,25.7131428,80.22972777,6.190015912000001,43.08961827,watermelon
95.0,12.0,51.0,25.76484262,84.17269959999999,6.681606702000001,44.22066914,watermelon
102.0,14.0,52.0,26.79489868,89.64815231,6.51075991,57.74091817,watermelon
109.0,21.0,55.0,24.9004602,89.73524177,6.770278088,57.44942094,watermelon
81.0,18.0,50.0,26.80750629,88.22874955,6.429788072999999,58.79889057,watermelon
103.0,17.0,51.0,25.11189154,80.02621335,6.209888345,44.20656987,watermelon
105.0,14.0,50.0,26.2148837,87.68839820000002,6.419052193,59.65590798,watermelon
97.0,8.0,52.0,24.9103226,86.97190046,6.237861736,49.48575692,watermelon
120.0,19.0,49.0,25.79448878,84.26830701,6.762471628999998,56.45229202,watermelon
95.0,16.0,55.0,25.26931156,87.55055105,6.612847999,40.12650421,watermelon
83.0,29.0,52.0,25.76402693,87.5931128,6.704688865,46.05122728,watermelon
83.0,9.0,45.0,25.85483596,89.13163965,6.049609892,46.85176955,watermelon
91.0,21.0,50.0,24.33528185,81.44030363,6.762030215,48.32113628,watermelon
116.0,5.0,54.0,25.37601283,80.99313508,6.65398725,57.23028471,watermelon
112.0,28.0,54.0,24.86094646,85.05318563,6.738030547,55.29563514,watermelon
88.0,29.0,51.0,24.71885473,88.94568335,6.095689937,48.45978627,watermelon
118.0,15.0,45.0,24.21495706,84.20576992,6.538006356,48.01138482,watermelon
92.0,21.0,48.0,25.81692236,82.043255,6.377427122,54.82963379,watermelon
106.0,14.0,45.0,24.47018505,84.16390229,6.417011754,57.26773002,watermelon
99.0,5.0,47.0,24.13078816,84.84494575,6.649086972,51.19470197,watermelon
98.0,8.0,51.0,26.1793464,86.52258079,6.25933595,49.43050977,watermelon
108.0,22.0,46.0,26.17668721,86.72952049999998,6.121168559,53.33484977,watermelon
119.0,7.0,55.0,26.03867719,84.6378378,6.031424482,44.3993381,watermelon
117.0,27.0,48.0,26.53259325,82.39053979,6.835268183999999,54.30660782,watermelon
109.0,10.0,53.0,26.81938687,87.8274604,6.5517503060000015,46.06193778,watermelon
80.0,16.0,46.0,25.50405534,81.40297428,6.940236218,48.47833278,watermelon
100.0,18.0,52.0,26.20234499,80.38266489,6.87606733,56.47941847,watermelon
91.0,7.0,53.0,25.13735887,89.28272716,6.457216535,43.52897517,watermelon
86.0,6.0,53.0,25.92030221,83.47202566,6.921847887999999,42.10681516,watermelon
107.0,5.0,52.0,26.6634609,89.98405233,6.8814257460000015,57.40847165,watermelon
103.0,16.0,49.0,24.06731461,81.64075303,6.915717008,51.75212401,watermelon
101.0,20.0,48.0,24.6774157,82.75411437,6.206247493999999,57.05709413,watermelon
85.0,25.0,47.0,26.11440416,87.64081095,6.29542477,58.48160844,watermelon
84.0,7.0,51.0,26.81530456,87.65694462,6.399669044,55.74073582,watermelon
102.0,28.0,54.0,25.15623099,80.27525115,6.862157042000001,55.49541453,watermelon
98.0,25.0,52.0,25.2801372,83.15393658,6.224066378,49.29456609,watermelon
97.0,25.0,50.0,26.22005978,80.90127035,6.093814669,49.08553937,watermelon
90.0,16.0,45.0,24.92093261,80.61750795,6.291540277999999,50.55710813,watermelon
95.0,12.0,46.0,26.21667586,81.01009354,6.32281728,54.65423596,watermelon
82.0,23.0,49.0,26.81383586,87.21986949,6.873283991,51.70497792,watermelon
82.0,25.0,51.0,24.31334971,87.47409052,6.074209622000001,48.11248366,watermelon
110.0,28.0,46.0,24.29105004,88.04541346,6.49889585,51.26046418,watermelon
118.0,21.0,51.0,24.42998931,86.33904774,6.678805092,48.58241822,watermelon
120.0,20.0,45.0,25.66576039,88.6984228,6.114128685,54.22722466,watermelon
91.0,7.0,52.0,25.07803672,83.46230461,6.405054243,56.39962921,watermelon
81.0,6.0,55.0,24.88910524,85.87059083,6.110142735,51.70699144,watermelon
101.0,13.0,54.0,25.42900869,82.91481799,6.828982708,56.34144589,watermelon
101.0,17.0,55.0,24.37118217,87.1269128,6.451499763999999,44.63907691,watermelon
111.0,6.0,53.0,26.493064500000006,88.59143088,6.313512998999999,46.06382209,watermelon
107.0,10.0,49.0,25.83202912,89.00481725,6.755192025,45.24690619,watermelon
115.0,11.0,46.0,24.41592661,89.39655519,6.623167177000001,40.32161859,watermelon
84.0,25.0,52.0,24.37190239,81.2514818,6.12532356,44.20899581,watermelon
120.0,7.0,47.0,24.24782473,83.03687902,6.653867608,54.76576239999999,watermelon
91.0,12.0,46.0,24.64458469,85.49938185,6.343942518,48.31219031,watermelon
89.0,22.0,52.0,24.89681131,86.10782926,6.217300786,53.14626213,watermelon
113.0,19.0,46.0,25.41864024,81.12122989,6.286387658,49.52320689,watermelon
97.0,22.0,50.0,26.26028739,86.14585891,6.769893799999998,58.97878791,watermelon
117.0,30.0,50.0,24.90123934,87.20772913,6.744966312000001,46.59207341,watermelon
90.0,14.0,52.0,24.84740848,89.20454622,6.391858432,59.67927244,watermelon
104.0,23.0,47.0,26.98212846,86.70068316,6.770434148,42.91292205,watermelon
81.0,16.0,45.0,26.90435747,86.25426228,6.727468157000001,59.75980023,watermelon
88.0,5.0,47.0,25.86475496,86.67468041,6.662244646,41.16554802,watermelon
92.0,7.0,45.0,26.70607759,81.14149505,6.944640222,51.51033554,watermelon
81.0,18.0,50.0,26.44019475,80.91934337,6.507110986,47.81847573,watermelon
111.0,5.0,55.0,26.283443,84.42478917,6.520663422,50.78669728,watermelon
108.0,23.0,51.0,26.84366082,83.85039964,6.106500787000001,40.228644,watermelon
113.0,30.0,50.0,26.03967219,83.9862443,6.277484042999999,43.87712348,watermelon
83.0,10.0,53.0,24.92994759,85.00802358,6.195142279,48.75859458,watermelon
101.0,11.0,51.0,25.50736962,84.24340241,6.792035575,44.2068997,watermelon
114.0,21.0,55.0,25.4438391,87.93923120000002,6.472756256,57.51549686,watermelon
99.0,6.0,45.0,26.12588914,86.5507939,6.000975617000001,40.71210074,watermelon
92.0,20.0,55.0,25.10474753,87.52676159999999,6.5877912620000005,59.26519444,watermelon
92.0,7.0,48.0,26.27520631,86.63249555,6.956508826,54.38748495,watermelon
91.0,24.0,55.0,26.27061608,83.09194521,6.259086582999999,46.76837499,watermelon
110.0,21.0,54.0,26.73690828,87.82430156,6.747537642,47.46447019,watermelon
112.0,25.0,51.0,25.04746944,85.5667282,6.932537231,56.72496677,watermelon
89.0,25.0,54.0,24.69368934,85.56967628,6.353107392999999,48.99390828,watermelon
100.0,10.0,53.0,24.54356968,84.60808277,6.211748957,42.00660251,watermelon
83.0,22.0,54.0,25.89762315,81.96664832,6.277245253999999,54.49960057,watermelon
95.0,14.0,50.0,26.6333118,84.31756844,6.560443519,56.31866159,watermelon
119.0,30.0,49.0,25.35794749,80.45846265,6.903020221,47.72078245,watermelon
97.0,12.0,47.0,25.28784623,89.63667876,6.765094963999998,58.28697664,watermelon
110.0,7.0,45.0,26.63838589,84.69546874,6.189213927000001,48.32428609,watermelon
96.0,18.0,50.0,25.3310446,84.30533791,6.904241707000001,41.53218699,watermelon
83.0,23.0,55.0,26.89750174,83.89241484,6.463271076,43.97193745,watermelon
120.0,24.0,47.0,26.98603693,89.4138489,6.260838965,58.54876687,watermelon
115.0,17.0,55.0,27.57826922,94.11878202,6.776533055,28.08253201,muskmelon
114.0,27.0,48.0,27.82054812,93.03555162,6.528404377999999,26.32405487,muskmelon
101.0,25.0,52.0,29.09910406,94.22237826,6.750145572,22.52497327,muskmelon
118.0,18.0,52.0,28.04943594,90.83130708,6.562832807,20.76223014,muskmelon
95.0,26.0,45.0,29.91690582,94.55695552,6.117530021,28.16057247,muskmelon
81.0,25.0,49.0,29.86895762,93.25103208,6.076459669,26.26243014,muskmelon
117.0,24.0,53.0,29.17220859,92.21405224,6.293486295,21.30290472,muskmelon
114.0,30.0,51.0,29.24908541,90.06998135,6.069171847000001,25.93496537,muskmelon
113.0,6.0,52.0,27.76317235,90.35567642,6.740983646,25.21609113,muskmelon
108.0,26.0,52.0,28.82629037,94.26765349,6.201797639,26.23838511,muskmelon
81.0,30.0,48.0,28.52379742,92.09688432,6.041027474,29.86681385,muskmelon
115.0,9.0,52.0,29.06785065,90.97685539,6.019372459,29.1194739,muskmelon
83.0,7.0,45.0,29.08417927,90.73891887,6.704104127000001,25.33014238,muskmelon
84.0,21.0,55.0,28.47090661,94.79453182,6.494251024,21.08484101,muskmelon
109.0,26.0,45.0,28.27973674,90.38971208,6.224535448999998,21.58992507,muskmelon
95.0,27.0,55.0,28.47212559,91.21322065,6.160414414,20.88620369,muskmelon
119.0,5.0,55.0,29.68846716,94.30111601,6.168757984,26.83924845,muskmelon
110.0,14.0,51.0,27.02415146,91.66737633,6.085444691,21.26034986,muskmelon
82.0,18.0,48.0,29.09588297,94.16748386,6.1590508160000015,26.70581328,muskmelon
87.0,14.0,48.0,29.69238699,92.58862544,6.606033244,29.1102594,muskmelon
85.0,9.0,53.0,28.20619412,92.86798698,6.447662945,28.78654515,muskmelon
100.0,6.0,53.0,29.05248036,93.92217834,6.105909623,23.66620626,muskmelon
107.0,12.0,46.0,29.57240298,93.61870344,6.559763394,27.56918621,muskmelon
91.0,13.0,47.0,29.10968327,92.43510994,6.14410903,27.95602304,muskmelon
102.0,25.0,50.0,28.20480805,92.91440379,6.099662369,20.36001144,muskmelon
117.0,25.0,53.0,29.11858526,92.12543021,6.413927319,24.52020164,muskmelon
85.0,21.0,52.0,29.62800691,90.10051615,6.0751441160000015,23.69586761,muskmelon
104.0,25.0,55.0,29.81196601,90.36881284,6.123802502,22.68766503,muskmelon
102.0,24.0,54.0,27.72338349,90.93897939,6.698468621,22.81863447,muskmelon
116.0,25.0,50.0,29.26092798,92.92367701,6.088885814,28.70627683,muskmelon
100.0,17.0,48.0,29.72791119,94.29753295,6.367800632000001,26.52364146,muskmelon
110.0,25.0,54.0,28.91105641,90.78413842,6.425930938,23.44398467,muskmelon
104.0,25.0,51.0,28.96361426,93.88482153,6.469983276000002,23.56130173,muskmelon
107.0,11.0,54.0,28.59052369,91.33617236,6.094016337999999,29.44008034,muskmelon
98.0,26.0,52.0,27.33897716,90.69759008,6.150090898999999,28.69113835,muskmelon
88.0,17.0,52.0,29.90415889,90.75284363,6.646962425,25.37828397,muskmelon
87.0,25.0,46.0,27.42711692,90.02696201,6.379690748,21.7508774,muskmelon
120.0,8.0,46.0,29.55657523,90.70937262,6.732834334,28.36535596,muskmelon
95.0,13.0,46.0,29.84070774,93.76312893,6.126019932,23.28207838,muskmelon
108.0,22.0,47.0,28.53545677,91.72742702,6.161123579,25.1290048,muskmelon
82.0,13.0,52.0,27.11535046,94.86907886,6.442810053,26.51924782,muskmelon
120.0,23.0,55.0,27.84492803,91.60666594,6.732049075,26.47844429,muskmelon
110.0,22.0,47.0,29.03157242,91.82172592,6.243673725,24.93861254,muskmelon
95.0,23.0,45.0,27.82424457,90.56698742,6.266208727,21.19014526,muskmelon
106.0,10.0,49.0,27.72653142,92.00687531,6.350623739,20.21126747,muskmelon
99.0,12.0,52.0,28.69708334,94.30759855,6.002927293,22.21807088,muskmelon
106.0,20.0,51.0,29.73019662,90.97015715,6.342573112,20.49035619,muskmelon
83.0,11.0,53.0,29.54097171,92.91778307,6.163921247999999,21.9653077,muskmelon
117.0,19.0,55.0,28.80311922,91.78336933,6.121745389,25.16359891,muskmelon
98.0,26.0,49.0,27.29035669,90.53330091,6.130160472999999,23.49535234,muskmelon
113.0,20.0,48.0,27.46583649,94.87679041,6.440584681,27.27899847,muskmelon
101.0,17.0,47.0,29.49401389,94.72981338,6.185053234,26.30820876,muskmelon
98.0,7.0,45.0,27.79161808,92.51054946,6.157724816,26.85422624,muskmelon
93.0,22.0,48.0,29.12533739,91.52291141,6.776987974,21.90440445,muskmelon
95.0,21.0,47.0,27.93114233,93.56161439,6.431970877,20.66127836,muskmelon
109.0,12.0,48.0,29.45771748,92.12534736,6.708743843,20.76212031,muskmelon
118.0,12.0,47.0,27.96872279,92.17444796,6.010739645,28.94766949,muskmelon
100.0,14.0,49.0,29.48882958,91.07574233,6.365956657999999,26.01909355,muskmelon
89.0,9.0,47.0,29.47156259,90.77069618,6.6683827660000015,28.75226067,muskmelon
95.0,16.0,46.0,27.076726500000003,90.14362622,6.74669542,24.4514648,muskmelon
95.0,7.0,45.0,27.30008597,90.80015308,6.031665834,25.09484511,muskmelon
87.0,6.0,45.0,29.82729394,90.79007335,6.40077205,22.84203589,muskmelon
93.0,20.0,50.0,29.93061247,93.22980899,6.448792688999999,24.34814338,muskmelon
84.0,29.0,49.0,29.94349168,93.90741192,6.251420275,20.39020503,muskmelon
111.0,5.0,47.0,28.03306461,91.47355778,6.2744528110000015,21.17924769,muskmelon
111.0,5.0,52.0,29.8843055,94.0371147,6.135996372,21.0000988,muskmelon
111.0,15.0,54.0,27.7058373,92.91185695,6.194090172,22.06207161,muskmelon
89.0,11.0,47.0,29.78714005,94.65343534,6.327822962000001,27.8659442,muskmelon
110.0,15.0,48.0,28.57819995,92.86597437,6.2125672110000005,27.598717800000006,muskmelon
95.0,30.0,52.0,29.48069921,90.33698678,6.640470862999999,26.0365768,muskmelon
115.0,12.0,52.0,27.51492243,94.96218673,6.685553129,21.01796432,muskmelon
120.0,25.0,50.0,28.05457761,94.81637388,6.327210469,21.84869328,muskmelon
102.0,11.0,45.0,29.03167341,93.12603235,6.35544263,24.15591199,muskmelon
94.0,5.0,55.0,28.5854649,91.89216849,6.085682343999999,26.88372572,muskmelon
84.0,18.0,46.0,27.08808014,93.42402083,6.781050372999999,25.32159689,muskmelon
107.0,22.0,54.0,27.99611732,90.84660317,6.630301421,21.61893763,muskmelon
80.0,18.0,52.0,27.87317436,91.14849627,6.484799661,24.05207925,muskmelon
86.0,18.0,45.0,28.96586565,90.71832938,6.566759102000001,22.25838137,muskmelon
113.0,28.0,48.0,28.87726019,92.48839665,6.170520517999999,24.44267592,muskmelon
115.0,18.0,53.0,29.17052093,94.19790371,6.0124803510000016,22.06994464,muskmelon
82.0,20.0,54.0,29.34033587,90.01506395,6.541150335,21.44532907,muskmelon
98.0,22.0,47.0,29.07265321,91.91533173,6.341400922,28.83568362,muskmelon
117.0,25.0,54.0,28.68275966,92.50969311,6.150686363999999,29.11187663,muskmelon
83.0,15.0,49.0,28.92705913,91.39356832,6.438008152999999,23.20076686,muskmelon
120.0,16.0,51.0,27.99901833,91.64193051,6.547041902999999,23.28618248,muskmelon
111.0,5.0,50.0,27.59350075,91.79742953,6.399891457000001,24.84266123,muskmelon
85.0,21.0,47.0,29.87331077,90.60932469,6.186770318,24.69720481,muskmelon
90.0,23.0,54.0,28.55852465,90.45773041,6.159020864,27.26588346,muskmelon
99.0,29.0,55.0,29.19378695,91.46241065,6.660954816,26.48240255,muskmelon
102.0,11.0,47.0,27.98780984,92.78226196,6.504906978999999,27.14509034,muskmelon
80.0,18.0,51.0,28.05380704,91.81758779,6.706053225,20.76582087,muskmelon
87.0,21.0,52.0,27.350629600000005,94.29119509999998,6.067665497999999,27.21244021,muskmelon
114.0,8.0,52.0,29.34081108,94.5513539,6.419083092,28.22908103,muskmelon
99.0,6.0,46.0,28.61475136,94.22253035,6.39637861,28.98574189,muskmelon
89.0,25.0,50.0,27.04863538,91.34685096,6.375923383,25.08146686,muskmelon
96.0,13.0,55.0,29.5275305,94.57459443,6.700337732,21.13545688,muskmelon
82.0,26.0,47.0,28.50416396,93.46806467,6.565312652999999,24.20007242,muskmelon
106.0,21.0,52.0,28.89578588,94.78993038,6.286515359,23.0362503,muskmelon
90.0,15.0,52.0,27.04927452,91.3821731,6.448061578,23.65747461,muskmelon
106.0,16.0,54.0,28.96017885,91.69532178,6.585872508,24.7458198,muskmelon
24.0,128.0,196.0,22.75088787,90.69489172,5.521466996,110.4317855,apple
7.0,144.0,197.0,23.8494014,94.34814995,6.133220586,114.0512495,apple
14.0,128.0,205.0,22.60800988,94.58900601,6.226289556,116.0396587,apple
8.0,120.0,201.0,21.18667419,91.13435689,6.321152192,122.233323,apple
20.0,129.0,201.0,23.41044706,91.69913296,5.587905967,116.07779309999998,apple
32.0,137.0,204.0,22.86006627,93.12859895,5.824151692999999,117.7296726,apple
27.0,139.0,205.0,22.48403042,93.40819246,5.7721799460000005,105.5473627,apple
0.0,123.0,205.0,22.02775403,92.96129462,5.790993052,121.1349176,apple
22.0,144.0,196.0,21.91191314,91.68748063,6.4992268210000015,117.0761277,apple
1.0,124.0,199.0,23.71059131,93.27392415,5.658473817000001,112.66765890000002,apple
30.0,122.0,197.0,21.37784654,92.72043743,5.573241391,106.1417017,apple
29.0,121.0,196.0,22.84852833,94.32130209,6.079497202000001,123.5977843,apple
13.0,126.0,204.0,23.1094265,92.79630809,6.3831802710000005,108.183792,apple
9.0,139.0,199.0,23.25230817,94.54128292,5.867420996,105.3558408,apple
0.0,133.0,200.0,23.67287749,90.4935574,5.708418722,104.2298028,apple
30.0,143.0,199.0,23.76881552,90.59810302,5.7983508000000015,102.2648546,apple
36.0,140.0,198.0,23.34386401,91.47684705,6.28188384,104.4267991,apple
37.0,137.0,199.0,22.63946441,90.18451645,5.697945522,108.3405879,apple
33.0,121.0,203.0,22.45696744,94.76285385,5.6059340870000005,114.8407725,apple
7.0,144.0,195.0,22.96388477,93.58065995,5.85648105,104.64729859999998,apple
35.0,128.0,205.0,21.07273439,93.56585985,6.041053829,107.8737015,apple
29.0,128.0,198.0,22.44075021,92.70785115,5.685062404,121.4977331,apple
2.0,143.0,196.0,22.71271308,90.45261746,5.669489065,109.8852597,apple
34.0,140.0,198.0,21.70416965,93.44006288,5.751707342,115.1781396,apple
29.0,144.0,204.0,22.43324518,92.48667725,5.800448951,119.1025189,apple
32.0,141.0,203.0,21.25941052,92.84416234,5.821347769,109.06584709999998,apple
13.0,144.0,197.0,22.9215706,94.89613443,6.28022267,105.6941544,apple
25.0,143.0,198.0,22.81212536,91.51861705,6.027314401,107.855225,apple
9.0,137.0,200.0,21.12152071,90.6878768,5.636687393,102.8017203,apple
6.0,144.0,198.0,21.11478672,90.31528693,5.559363609,104.5086618,apple
37.0,126.0,196.0,23.59997268,90.97597665,5.596449493,107.17281909999998,apple
2.0,120.0,203.0,23.12652652,94.71203306,5.893492998999999,108.62118329999998,apple
11.0,143.0,197.0,22.98458907,93.3204487,5.875718516,122.1952483,apple
10.0,141.0,201.0,22.12659387,90.97818277,6.386021424,104.5412275,apple
24.0,142.0,202.0,22.53779727,91.48135786,5.710819862,101.8474768,apple
23.0,138.0,195.0,22.49095104,91.70292746,5.7959857160000015,124.3915101,apple
18.0,125.0,204.0,22.35548159,94.47811755,6.046673619,116.7366261,apple
13.0,121.0,196.0,22.20700989,93.50574163,6.443382913,120.1593771,apple
26.0,122.0,202.0,22.44516988,94.73763514,5.617227184,107.1843273,apple
28.0,123.0,202.0,22.76643029,92.12438519,6.442289294,120.4359949,apple
26.0,121.0,201.0,22.19109412,90.02575116,6.162034371,112.3126628,apple
21.0,137.0,196.0,23.6119202,91.70293849,5.812781806,123.5900822,apple
21.0,135.0,198.0,23.86087054,94.92048112,5.7650151260000015,105.0241329,apple
5.0,144.0,205.0,21.42177231,92.62665309,6.184922574,102.8045658,apple
2.0,123.0,205.0,22.36629253,90.78572467,5.739652177000001,124.9831618,apple
15.0,133.0,199.0,23.99686172,91.61001707,5.8247786360000005,117.6102915,apple
31.0,130.0,198.0,21.80129837,92.73446667,5.554823557000001,120.05866709999998,apple
25.0,143.0,200.0,23.80436344,92.80441624,6.024248787,100.6192543,apple
16.0,143.0,204.0,23.71475278,91.53331177,5.631333387000001,121.8961665,apple
19.0,122.0,202.0,23.34467359,90.37981478,5.811975094,112.8954016,apple
10.0,125.0,196.0,22.31253665,90.03577124,5.730557448,113.0688155,apple
20.0,139.0,202.0,23.50201428,92.21083961,5.66999105,107.9868949,apple
28.0,123.0,198.0,23.46260321,91.45665004,5.682751473,111.7763395,apple
28.0,136.0,200.0,23.06204373,92.39544055,6.245858905,114.7399101,apple
2.0,131.0,199.0,22.47420512,91.22759742,6.017370134,124.2179699,apple
2.0,140.0,197.0,22.69780133,92.82223419,5.53456749,105.0508234,apple
27.0,138.0,201.0,23.66682067,93.90191078,5.952367662,105.4004751,apple
30.0,127.0,204.0,22.50050273,92.45878335,6.126436584,100.9343903,apple
32.0,145.0,203.0,23.83053666,90.84422164,6.406818518,109.5966791,apple
29.0,139.0,205.0,23.64142354,93.74461474,6.155939452999999,116.6912176,apple
26.0,126.0,195.0,21.41363812,92.99124545,5.878568981,118.3979065,apple
40.0,136.0,202.0,22.85267372,94.57645809999998,5.935336307999999,117.53140259999998,apple
6.0,124.0,200.0,22.98208095,93.84505029,5.971332179,109.5852253,apple
35.0,138.0,200.0,21.19909519,90.80819418,5.67130617,103.6838922,apple
17.0,136.0,196.0,23.87192332,90.49939035,5.882155987999999,103.0548094,apple
33.0,134.0,205.0,21.0365275,94.33919546,6.08551916,114.7412734,apple
16.0,143.0,197.0,22.61711614,93.51978375,5.90402645,116.9256766,apple
27.0,120.0,200.0,21.45278675,90.74531921,6.1102188260000005,116.7036582,apple
29.0,145.0,205.0,22.81227579,92.12992101,6.212302608,109.3383552,apple
3.0,141.0,197.0,21.98141856,91.12719303,6.142803397000001,115.4789148,apple
15.0,123.0,204.0,22.52709326,92.54780429,6.365972687999999,115.3830068,apple
5.0,136.0,195.0,22.35628673,91.92360477,6.264202804,107.7697413,apple
10.0,136.0,204.0,21.19852186,92.15595143,6.276198595,105.8554351,apple
7.0,141.0,195.0,23.8812458,93.45067555,5.514253142,104.9116663,apple
2.0,129.0,201.0,22.78234161,94.36803516,5.682343744,122.1449949,apple
29.0,138.0,197.0,22.19055385,92.43764169,5.830892252000001,121.6622761,apple
30.0,137.0,200.0,22.91430043,90.70475565,5.603413172000001,118.6044645,apple
29.0,132.0,204.0,23.08950736,90.22507299,6.0967531,108.2166601,apple
14.0,139.0,197.0,21.72484506,92.83975602,6.056529526,121.6961761,apple
18.0,125.0,203.0,22.44307715,91.59234006,6.160267496,102.5565807,apple
33.0,143.0,204.0,21.1316077,91.95769858,5.814434775,122.5391946,apple
40.0,144.0,196.0,22.71750705,92.25479855,5.987262638,107.0289866,apple
9.0,143.0,197.0,23.75033085,92.88160462,5.570020684,117.6602827,apple
38.0,135.0,203.0,23.76121837,93.661643,5.9655513110000005,100.825956,apple
28.0,130.0,196.0,22.13450646,94.67695747,6.062356467000001,112.9203223,apple
35.0,142.0,203.0,21.17089176,90.23730166,5.895319002000001,123.6495149,apple
12.0,129.0,205.0,22.36238282,91.15761594,6.119432215,118.68327250000002,apple
1.0,135.0,203.0,22.77856513,92.70124029,5.624203283,113.7759219,apple
0.0,145.0,205.0,21.22503442,90.09877774,5.52078314,113.9760462,apple
31.0,121.0,201.0,23.15791104,90.34396882,5.731535257999999,110.712841,apple
35.0,131.0,203.0,22.42776057,93.91722423,5.893490899,102.7230739,apple
29.0,140.0,195.0,23.64082979,90.95257927,5.560521058,116.7431319,apple
33.0,138.0,198.0,22.29423493,90.69033986,6.222390797999999,122.7418744,apple
14.0,140.0,197.0,23.35225078,90.90054697,6.071255131,113.0381382,apple
35.0,145.0,195.0,22.03911546,94.58075845,6.231950009,110.9804014,apple
40.0,120.0,197.0,23.80593812,92.48879468,5.889480679,119.6335548,apple
25.0,132.0,198.0,22.31944084,90.85174383,5.732757516,100.1173443,apple
31.0,137.0,196.0,22.14464104,93.82567435,6.400321212000001,120.6310784,apple
36.0,144.0,196.0,23.65167552,94.50528753,6.496934492,115.3611268,apple
10.0,140.0,197.0,22.16939473,90.27185592,6.229498836,124.4683112,apple
22.0,30.0,12.0,15.78144173,92.51077745,6.354006743999999,119.035002,orange
37.0,6.0,13.0,26.03097313,91.50819306,7.511755067999999,101.2847738,orange
27.0,13.0,6.0,13.36050601,91.35608208,7.335158382,111.2266885,orange
7.0,16.0,9.0,18.87957654,92.04304496,7.813916602999999,114.6659511,orange
20.0,7.0,9.0,29.47741671,91.57802915,7.1291369410000005,111.1727497,orange
26.0,27.0,10.0,28.06903173,92.91487288,6.079998496,114.1339416,orange
5.0,23.0,15.0,25.66901098,92.04670813,7.408939392000001,112.5424199,orange
0.0,18.0,14.0,29.77149434,92.00719952,7.207991261,114.41617859999998,orange
39.0,24.0,14.0,30.55472573,90.90343769,7.189259647,106.0711985,orange
13.0,23.0,6.0,23.96147583,90.26408017,7.365338111,102.6958703,orange
21.0,17.0,15.0,23.98289638,91.5473145,7.455991072000001,118.4901697,orange
33.0,12.0,8.0,25.26052689,90.31153735,6.822282114,117.36952959999998,orange
6.0,9.0,12.0,31.08368929,90.14362642,7.028746406000002,109.6894658,orange
19.0,7.0,10.0,14.78003032,91.22062116,6.118430299,100.1961762,orange
24.0,18.0,6.0,26.56608303,94.45239715,6.285312759,116.3796525,orange
9.0,11.0,8.0,24.85903405,94.39000473,6.559236744,111.78037340000002,orange
31.0,8.0,7.0,34.51465139,93.63812684,7.163245982,103.5684926,orange
22.0,17.0,5.0,24.12188673,90.72351622,6.945562889,102.835632,orange
13.0,5.0,8.0,23.85340379,90.10522549,7.474710503,103.923226,orange
16.0,8.0,9.0,24.60297538,91.28408653,7.601189842999999,111.2948115,orange
4.0,13.0,6.0,15.63211033,94.25966183,7.5611432239999985,101.4705704,orange
0.0,25.0,14.0,19.33516809,91.97978938,6.361671475,116.450422,orange
8.0,7.0,10.0,28.2620488,91.98317355,6.929216014,105.2132259,orange
4.0,23.0,5.0,22.67594476,93.36348717,7.477935216,110.3332655,orange
33.0,14.0,8.0,21.03200078,92.9641969,7.684420446,110.6823944,orange
30.0,7.0,15.0,33.23453301,91.06053924,7.825531916,115.7659902,orange
21.0,29.0,12.0,22.30318989,92.15987039,6.438668989,117.3688104,orange
11.0,14.0,5.0,11.50322938,94.8933184,6.946354724,115.56837759999998,orange
9.0,8.0,15.0,14.34320488,94.35734702,7.994465371,110.22231229999998,orange
5.0,18.0,14.0,33.105698100000005,93.48447453,7.434118807000001,119.1709113,orange
29.0,25.0,14.0,30.49183837,90.4582865,7.781988584,113.3302105,orange
33.0,12.0,15.0,30.25578031,92.03272799,6.052318465,116.7173125,orange
8.0,16.0,6.0,12.22816189,90.26457428,7.106650373,108.4161706,orange
15.0,14.0,8.0,10.01081312,90.22399223,6.22094286,119.3941064,orange
16.0,7.0,8.0,22.79196751,90.60901895,6.420457311,116.5084074,orange
0.0,12.0,7.0,20.18432263,90.65458473,6.969249676,116.8130969,orange
5.0,25.0,6.0,30.72119881,94.01331956,6.0113021810000005,106.8118019,orange
6.0,8.0,11.0,24.35590861,92.39651663,6.600948787999999,119.6946577,orange
10.0,5.0,5.0,21.21306973,91.35349216,7.817846496,112.9834361,orange
1.0,17.0,6.0,10.78689755,91.38411917,6.8198271,117.5293447,orange
1.0,30.0,10.0,11.89925671,91.34663797,7.291405641,103.5771468,orange
0.0,23.0,15.0,22.56664172,93.37488907,7.598729065,109.8585753,orange
24.0,27.0,9.0,18.86883219,93.24688124,6.157135092000001,119.3936976,orange
36.0,11.0,13.0,17.34083741,93.04897191,7.1917274,112.7194284,orange
40.0,21.0,8.0,34.90665289,92.87820148,7.418761774,102.1906333,orange
40.0,22.0,6.0,24.53610067,91.90997228,6.488221135,115.9787989,orange
32.0,18.0,13.0,13.8377282,91.74780462,6.044167236,107.9873218,orange
9.0,10.0,10.0,22.3551049,93.52211892,6.010391864,101.5164589,orange
13.0,16.0,8.0,34.74004942,93.12316972,6.949838549,100.1967854,orange
15.0,9.0,11.0,11.54785707,94.14861001,7.907956251,108.82891709999998,orange
29.0,11.0,5.0,23.13338811,91.94670335,7.639788459,104.4224145,orange
1.0,15.0,9.0,29.98364695,94.55239717,7.53350946,115.3560318,orange
18.0,5.0,11.0,20.87947369,90.93756231,6.251586885,102.4550786,orange
14.0,22.0,9.0,17.24944623,91.13772765,6.543191814,112.50905159999998,orange
33.0,15.0,7.0,15.83388699,91.68293851,7.651225301,109.7571416,orange
4.0,6.0,7.0,23.01014302,91.11764246,6.708889665,112.6738296,orange
17.0,16.0,14.0,16.39624284,92.18151927,6.625538653,102.944161,orange
12.0,20.0,10.0,24.45132792,93.10527686,6.528354932,109.4711098,orange
34.0,29.0,8.0,31.87859192,91.15248149,6.450640306,105.3437825,orange
39.0,28.0,10.0,31.34920143,91.48247612,7.181907673,109.1549823,orange
31.0,25.0,12.0,18.05142392,90.03969587,7.016482298,111.7793889,orange
12.0,6.0,8.0,30.84835031,92.86773675,6.388617138,107.4142681,orange
12.0,29.0,13.0,22.45616931,91.52781832,7.57125447,118.0069295,orange
26.0,11.0,11.0,13.70319166,90.95589386,7.609348255,106.2944879,orange
19.0,24.0,15.0,20.48954522,93.72485075,7.137136973,111.83919509999998,orange
39.0,21.0,9.0,13.20844373,94.02769434,6.354022554,106.2696156,orange
16.0,29.0,13.0,32.31944397,93.67804556,6.196907944,117.6236473,orange
36.0,29.0,13.0,20.68185224,90.91510525,7.829507245,109.7513927,orange
37.0,23.0,12.0,31.52675982,90.50621806,6.395258356,113.1169398,orange
39.0,9.0,15.0,25.35467646,91.81183218,7.992041984,116.7555937,orange
31.0,5.0,14.0,17.66545409,91.69865887,6.583411671,110.6857506,orange
18.0,12.0,8.0,12.59093977,91.81668769,6.206053072,119.39167179999998,orange
20.0,20.0,10.0,11.86631922,93.68394562,6.976997772000001,106.060149,orange
5.0,8.0,5.0,11.03367937,92.22706805,6.562594972,112.7715925,orange
20.0,8.0,12.0,25.2990432,94.96419851,7.260416405,117.9733424,orange
25.0,21.0,11.0,32.23797837,90.15406807,6.460044777999999,104.7052254,orange
14.0,19.0,14.0,17.68408797,94.35815354,6.699164936,108.0638166,orange
37.0,18.0,12.0,10.2708877,90.19147747,7.401121811,106.69552040000002,orange
26.0,15.0,6.0,17.22034507,94.78797376,6.912033409,108.0054343,orange
13.0,22.0,5.0,19.667056,90.50096668,7.764040111,100.1737964,orange
32.0,25.0,9.0,10.35609594,93.75652041,7.796034006,101.1456947,orange
19.0,7.0,9.0,27.255435,91.71369387,6.969883482999999,101.139435,orange
28.0,7.0,9.0,34.591784600000004,92.13229786,6.730757538,115.5650287,orange
24.0,30.0,11.0,32.39523995,94.51768464,6.601395755,113.25373,orange
7.0,17.0,10.0,10.16431299,91.22320999,6.465913274,106.362551,orange
18.0,23.0,8.0,21.49118657,93.43949693,6.41354791,101.4819888,orange
7.0,20.0,12.0,16.53460397,94.76759975,6.475275337,110.0447896,orange
20.0,23.0,11.0,31.852069399999998,90.12220323,6.407715561,109.9455062,orange
18.0,14.0,11.0,28.04799508,90.00621688,6.550814117000001,117.1311498,orange
34.0,11.0,10.0,31.75048899,94.59551226,7.36220835,115.1989301,orange
20.0,29.0,10.0,29.07412717,93.27189064,7.36549204,100.7896871,orange
37.0,24.0,13.0,19.14381903,90.71037456,7.8546243,108.0230792,orange
12.0,8.0,10.0,16.14820285,91.4448027,7.995848977,107.4287664,orange
34.0,10.0,14.0,34.05296914,92.05811721,6.725600855,116.8020848,orange
6.0,13.0,9.0,34.51423957,90.56151463,7.786725333,118.32719679999998,orange
27.0,30.0,5.0,32.71748548,90.54608254,7.656978112000001,113.328978,orange
13.0,8.0,12.0,25.16296632,92.54736032,7.105904818,114.3117197,orange
6.0,7.0,7.0,27.68167318,94.47316879,7.199106204,113.9995146,orange
40.0,17.0,15.0,21.35093384,90.9492967,7.871063004,107.0862095,orange
31.0,26.0,9.0,11.69894639,93.25638873,7.566165721,103.2005992,orange
61.0,68.0,50.0,35.21462816,91.49725058,6.7932454170000005,243.0745066,papaya
58.0,46.0,45.0,42.39413392,90.79028064,6.576261427,88.46607497,papaya
45.0,47.0,55.0,38.4191628,91.14220381,6.751452932,119.2653877,papaya
39.0,65.0,53.0,35.33294932,92.11508608,6.560743092999999,235.6133585,papaya
31.0,68.0,45.0,42.92325255,90.07600528,6.938313356,196.2408242,papaya
70.0,68.0,45.0,33.83508569,92.85470152,6.991626158,203.4044028,papaya
68.0,62.0,50.0,33.20258348,92.76437927,6.977700268,197.5282582,papaya
34.0,65.0,47.0,23.48546973,93.71043692,6.833768535,191.7760562,papaya
38.0,68.0,54.0,29.33710543,90.81781439,6.739170045,202.0572747,papaya
69.0,64.0,47.0,40.21199348,94.50766912,6.993473247000001,186.6762324,papaya
58.0,51.0,47.0,42.13473976,91.70445386,6.757470637000001,197.402901,papaya
59.0,47.0,53.0,32.86316618,91.4618874,6.8506632320000005,47.271547,papaya
44.0,64.0,54.0,29.80744318,91.38048469,6.74274935,232.7046126,papaya
56.0,57.0,48.0,31.56213762,93.0484859,6.506120752,63.62250788,papaya
69.0,60.0,54.0,36.32268069,93.06134398,6.98992719,141.1736926,papaya
56.0,58.0,49.0,37.13165026,94.60761797,6.69215564,172.47880619999995,papaya
49.0,55.0,53.0,38.4418717,93.63739039,6.544029776,77.71566883,papaya
38.0,51.0,52.0,32.66160599,90.78931681,6.927803911,78.85085502,papaya
54.0,65.0,47.0,27.92765919,91.55594211,6.721835879,149.91075569999995,papaya
57.0,57.0,51.0,39.01793345,91.48815629,6.99223441,105.8841531,papaya
39.0,52.0,53.0,32.51247398,94.65904123,6.704204398,51.07048113,papaya
58.0,67.0,45.0,38.72382798,91.72514851,6.702424548,62.62377075,papaya
61.0,64.0,52.0,43.30204933,92.83405443,6.641098708,110.562229,papaya
34.0,62.0,55.0,27.58548913,90.72526502,6.585346229,238.5008779,papaya
31.0,48.0,45.0,40.78881819,92.90951393,6.563134737,132.7923586,papaya
47.0,46.0,52.0,23.19451074,91.40301608,6.502289472999999,206.3999208,papaya
32.0,68.0,52.0,32.68067385,92.61715632,6.800321319,248.8592986,papaya
36.0,59.0,46.0,34.28879307,93.61082872,6.721130542999999,127.2509777,papaya
61.0,51.0,51.0,39.30050027,94.16193416,6.574677594,120.9512466,papaya
70.0,54.0,46.0,39.73149053,91.12220596,6.919342407,122.7628653,papaya
44.0,56.0,49.0,39.23342464,91.25589286,6.519779582999999,64.4478499,papaya
34.0,68.0,51.0,27.34734861,94.17756725,6.687088097999999,40.35153141,papaya
50.0,59.0,47.0,40.76998685,92.09278584,6.747975732,209.8678411,papaya
39.0,70.0,52.0,26.26559543,90.79668055,6.65149129,59.49373381,papaya
34.0,61.0,49.0,28.12971499,93.3210737,6.502675132,117.8201907,papaya
44.0,60.0,55.0,34.2804607,90.55561637,6.825371185,98.54047745,papaya
31.0,62.0,52.0,33.7960155,93.00754254,6.99104104,182.026807,papaya
65.0,62.0,51.0,31.53243779,90.87394933,6.5116248410000015,207.0735119,papaya
44.0,57.0,53.0,42.30495821,90.51431779,6.93172108,74.876786,papaya
50.0,47.0,48.0,24.63676897,90.61964344,6.712772332999999,218.2299187,papaya
43.0,50.0,48.0,28.28222883,91.37059792,6.63016515,179.27208069999998,papaya
60.0,46.0,53.0,24.48620746,92.98254537,6.761953186,183.49095,papaya
70.0,68.0,55.0,42.84609252,94.63548176,6.691202286,78.80996390000001,papaya
59.0,62.0,52.0,43.67549305,93.10887229,6.608667683999999,103.8235658,papaya
60.0,58.0,51.0,42.07213781,92.92203105,6.840802254,165.7412972,papaya
42.0,60.0,47.0,33.46873719,92.12746225,6.834808347999999,136.8277041,papaya
35.0,66.0,47.0,31.7018373,91.66232213,6.953439161,48.83810592,papaya
34.0,65.0,48.0,41.41968393,90.03863107,6.665024507999999,199.3096432,papaya
36.0,54.0,46.0,42.54744013,94.94482086,6.662875839,214.41038480000003,papaya
39.0,64.0,52.0,28.91842453,94.63676767,6.678695788,63.68794608,papaya
37.0,52.0,47.0,43.08022702,93.90305729,6.54277684,211.8529059,papaya
33.0,47.0,46.0,29.20300896,93.96834049,6.839443833,209.4083305,papaya
34.0,48.0,48.0,41.04224355,91.37258067,6.805277038,181.527598,papaya
49.0,54.0,50.0,25.62446619,93.18240298,6.762522087000001,97.26336657,papaya
40.0,65.0,49.0,35.32876402,91.06138506,6.678449317999999,163.9069365,papaya
68.0,52.0,49.0,24.42561272,92.27749066,6.577192175,63.35298768,papaya
50.0,46.0,52.0,31.18298415,90.21646909,6.734005647999999,54.01872359,papaya
65.0,63.0,50.0,31.88342554,91.3256535,6.524459342,79.27201575,papaya
40.0,49.0,47.0,42.93368602,91.1756748,6.501521192,246.36132680000003,papaya
42.0,53.0,48.0,23.11407669,94.31994776,6.758479569,231.5153161,papaya
49.0,55.0,51.0,24.87212063,93.90560147,6.676578778,135.16945249999998,papaya
59.0,62.0,49.0,43.36051537,93.35191636,6.941496806,114.778071,papaya
63.0,58.0,47.0,26.83054058,90.75379971,6.864143752,144.66564440000005,papaya
70.0,65.0,52.0,30.42012134,93.12659793,6.583528529,75.95295,papaya
63.0,50.0,52.0,28.64555584,93.22642604,6.751747609,115.8163936,papaya
40.0,64.0,47.0,32.50037548,93.47888842,6.893509446,71.73759526,papaya
63.0,58.0,50.0,43.03714283,94.6428898,6.720744449,41.5856585,papaya
45.0,58.0,49.0,30.10773379,90.34546355,6.827812549,75.24521981,papaya
66.0,69.0,47.0,23.69212243,93.61055571,6.912299695,87.53393983,papaya
54.0,67.0,52.0,35.67667332,93.30641944,6.586107335,141.3381168,papaya
69.0,67.0,52.0,27.71948962,94.43877142,6.827305908,82.83061083,papaya
67.0,68.0,49.0,35.26824831,92.38282957,6.821774589,149.8488208,papaya
45.0,57.0,47.0,23.16855863,90.78821158,6.656458831,161.68920930000004,papaya
56.0,50.0,52.0,33.08706051,92.25197542,6.770384816,88.1300769,papaya
70.0,50.0,53.0,37.4620912,90.44967809,6.933809742999999,172.3458448,papaya
44.0,47.0,45.0,38.73218907,94.73613484,6.579441304,218.142147,papaya
50.0,60.0,47.0,32.57720726,92.74889453,6.92791761,93.7942847,papaya
52.0,51.0,53.0,38.38231475,93.10378595,6.985804083,210.2735346,papaya
35.0,68.0,45.0,42.93605359,90.09448142,6.612429546,234.8466111,papaya
68.0,69.0,52.0,25.65492304,92.74501561,6.813383387000001,52.95477913,papaya
32.0,55.0,52.0,37.58899717,91.99740365,6.967759599999999,159.6577388,papaya
32.0,55.0,51.0,29.60718808,93.15642801,6.57398033,62.68710535,papaya
48.0,62.0,47.0,25.34756111,93.02871078,6.803094965,174.40123369999995,papaya
39.0,69.0,53.0,25.9300384,93.02357765,6.964955435,241.8202079,papaya
49.0,61.0,45.0,32.76795887,94.57377401,6.764213299,240.4795923,papaya
48.0,57.0,54.0,29.02328049,90.20396783,6.617703177999999,126.8069869,papaya
69.0,66.0,49.0,40.00439101,90.17015833,6.52711001,92.11877372,papaya
53.0,55.0,55.0,33.32315744,91.25271223,6.709668804,234.496633,papaya
38.0,61.0,52.0,31.22790131,94.94021378,6.620729882000001,46.44279118,papaya
57.0,64.0,55.0,26.68386496,92.9585411,6.583760498999999,62.50689682,papaya
51.0,57.0,55.0,24.70528368,90.14732171,6.6764073370000006,108.4103158,papaya
56.0,65.0,45.0,38.2016825,93.97379963,6.751298936,218.09088140000003,papaya
54.0,66.0,52.0,36.56769731,93.79503425,6.867554147000001,104.4218596,papaya
58.0,55.0,47.0,26.05375792,93.69111672,6.7424900270000006,240.6863901,papaya
68.0,70.0,54.0,31.29986342,92.76039164,6.986228647000001,54.77830202,papaya
42.0,59.0,55.0,40.10207731,94.35110201,6.979102243,149.1199989,papaya
43.0,64.0,47.0,38.58954491,91.58076549,6.8256647820000005,102.2708231,papaya
35.0,67.0,49.0,41.31330062,91.1508798,6.617066674,239.7427554,papaya
56.0,59.0,55.0,37.03551903,91.79430166,6.551892637999999,188.5181422,papaya
39.0,64.0,53.0,23.012401800000006,91.07355541,6.598860305,208.3357976,papaya
18.0,30.0,29.0,26.762749300000007,92.86056895,6.4200187170000005,224.5903664,coconut
37.0,23.0,28.0,25.61294367,94.3138837,5.7400545670000005,224.3206759,coconut
13.0,28.0,33.0,28.130115000000004,95.64807631,5.686972967000001,151.0761899,coconut
2.0,21.0,35.0,25.02887163,91.53720922,6.293662362999999,179.8248944,coconut
10.0,18.0,35.0,27.79797651,99.64573002,6.381975465,181.6942283,coconut
7.0,11.0,32.0,29.25902906,95.11294697,5.542169138999999,184.7624496,coconut
39.0,5.0,31.0,27.10134661,93.69979946,5.551963184,150.9502632,coconut
34.0,6.0,27.0,25.84726298,90.92669463,5.8607404810000014,147.8888994,coconut
31.0,30.0,29.0,26.58580443,90.98617591,5.558807063,178.8116076,coconut
25.0,7.0,35.0,28.38503882,99.18843684,5.55771171,189.67113490000003,coconut
16.0,18.0,26.0,28.43647052,91.81320717,5.568365926,145.54144130000003,coconut
26.0,10.0,33.0,28.27298134,96.93649473,6.07071786,198.8234862,coconut
27.0,8.0,32.0,27.00648436,96.46168931,5.627860548999998,144.3331315,coconut
37.0,18.0,30.0,27.63551259,99.34854917,6.38488418,157.91715369999997,coconut
19.0,15.0,34.0,26.29644905,99.65809151,5.6858890660000005,215.9195049,coconut
0.0,19.0,33.0,27.1326009,95.23797989,6.234458417000001,204.7206567,coconut
31.0,20.0,26.0,25.56567803,97.61361544,6.443168642000001,199.7936345,coconut
9.0,17.0,32.0,25.94951662,93.40548703,5.842317989,172.0540491,coconut
22.0,11.0,29.0,28.03380598,95.01630593,5.955742971,218.0055713,coconut
31.0,6.0,26.0,29.12859129,91.30924833,5.741367375,157.2388553,coconut
34.0,6.0,30.0,27.0828252,97.00155491,5.948342571,171.7575545,coconut
24.0,6.0,32.0,28.11321494,90.01734526,6.387067562,172.48136409999995,coconut
1.0,8.0,26.0,27.5136304,94.18955816,5.562911913,156.6732553,coconut
31.0,13.0,33.0,27.63834933,95.48763389,5.85971872,205.5463111,coconut
10.0,9.0,28.0,29.01256899,94.01014388,6.282955072999999,150.05003119999995,coconut
36.0,27.0,26.0,26.58413917,95.78923137,6.25449571,171.6262299,coconut
38.0,24.0,33.0,28.28905147,97.00396405,5.973853124,142.9403233,coconut
11.0,6.0,25.0,28.69164799,96.65248672,6.081568052000001,178.9635457,coconut
16.0,14.0,30.0,29.70931288,96.30484325,6.37466756,209.84539930000005,coconut
33.0,14.0,35.0,27.14865285,96.66355213,6.027707171,149.2433497,coconut
16.0,6.0,29.0,29.28725038,91.95614918,5.868285082000001,132.1491176,coconut
32.0,11.0,31.0,25.06871967,93.31410447,6.205931637999999,134.84190690000003,coconut
38.0,14.0,30.0,26.92449525,91.20106019,5.5707453860000005,194.9022136,coconut
8.0,6.0,33.0,28.27804288,93.64761266,6.095261012999999,171.9457959,coconut
23.0,6.0,33.0,29.18032562,92.73041222,6.025789594,204.9603677,coconut
29.0,25.0,35.0,28.3575072,91.64509299,5.542873799,160.73069909999995,coconut
24.0,14.0,33.0,29.38072512,93.27565685,6.366219551,218.5241851,coconut
32.0,12.0,30.0,25.39241091,98.08951196,5.579845008,218.080385,coconut
30.0,25.0,31.0,26.31270635,98.62048026,5.804965067,208.1181381,coconut
14.0,21.0,35.0,29.52501367,91.91185319,6.121005506,194.3100272,coconut
27.0,22.0,29.0,28.83214859,92.17170353,6.000248647,145.41723869999996,coconut
40.0,5.0,29.0,28.48444906,97.76865458,5.820978791,160.389421,coconut
17.0,11.0,32.0,28.74013335,93.39676499,5.620733794,156.76508230000005,coconut
30.0,30.0,35.0,25.00872392,95.59224018,6.001936419,165.8092179,coconut
28.0,10.0,30.0,29.8690834,91.14723422,6.305740522000001,192.7678575,coconut
39.0,7.0,29.0,27.54273211,94.59086121,6.362544111,150.2012138,coconut
32.0,20.0,35.0,26.52166434,98.38227669,5.588655387,144.6261698,coconut
7.0,15.0,32.0,25.03512351,95.89739958,6.182232762000001,174.796583,coconut
29.0,17.0,29.0,29.20394909,95.66997327,5.959493188,211.2506267,coconut
34.0,15.0,34.0,27.05826457,91.10510371,5.677282677999999,224.70069530000004,coconut
14.0,23.0,25.0,26.18552389,96.96637916,5.6121227970000005,135.4186222,coconut
18.0,19.0,29.0,27.59376845,92.48519606,6.206077742000001,162.8432736,coconut
7.0,21.0,35.0,25.76011662,94.65830608,5.764812076,131.24514140000002,coconut
24.0,27.0,34.0,28.87862994,95.11320315,6.203376525,145.0583117,coconut
39.0,29.0,29.0,26.50908611,94.48414544,6.143662699,199.8778403,coconut
29.0,8.0,28.0,26.87037587,91.72546257,6.100429497,214.4128874,coconut
10.0,24.0,27.0,27.57283516,94.90485697,5.7084096010000005,145.9298935,coconut
0.0,29.0,32.0,28.05912437,98.3670985,5.868255858,171.65163959999995,coconut
32.0,11.0,31.0,29.51611558,92.56492864,6.461225827000001,131.2116167,coconut
37.0,10.0,32.0,28.96318258,95.16333673,6.165084855,222.803013,coconut
20.0,29.0,27.0,25.09897688,92.36099489,6.047044342,157.7592626,coconut
31.0,29.0,35.0,27.1872282,92.19906776,6.137102505,141.3220576,coconut
17.0,30.0,27.0,29.03065024,90.79093862,5.894027065,205.5720367,coconut
1.0,12.0,30.0,27.754298,95.94643831,5.56222383,131.09000759999998,coconut
6.0,13.0,29.0,27.31155708,99.96906006,5.832608027999999,201.8258633,coconut
15.0,28.0,32.0,28.84270971,99.64328526,6.2185718739999984,224.4016682,coconut
27.0,24.0,29.0,26.61423461,96.97300803,6.142010637,191.006688,coconut
3.0,23.0,30.0,29.70143197,95.65754365,6.078807239,215.1968037,coconut
8.0,26.0,26.0,25.54759871,91.64194826,5.702484758,212.867626,coconut
20.0,28.0,26.0,26.37978453,91.49882979,5.547594847,167.0470997,coconut
26.0,18.0,27.0,27.45907759,92.90736493,5.836075368,142.1430003,coconut
1.0,6.0,35.0,27.02269204,95.71935435,6.231662767,147.16824590000004,coconut
27.0,30.0,31.0,28.98545306,90.73966792,5.718120393,148.8398374,coconut
23.0,7.0,34.0,26.1055118,91.52421214,5.852038202,134.1279669,coconut
0.0,26.0,31.0,25.0707247,95.02156793,5.547933273,192.9036306,coconut
38.0,6.0,25.0,25.54963273,96.92786777,6.156259104,191.2996157,coconut
25.0,12.0,26.0,28.56973521,95.67906668,6.436314406,134.83703480000003,coconut
40.0,5.0,32.0,26.07010807,96.7036223,5.981169595,143.533473,coconut
0.0,19.0,31.0,25.51791333,94.38420565,6.271952832999999,178.7297725,coconut
26.0,9.0,32.0,25.9490364,94.73860514,6.470465614,144.15711090000005,coconut
35.0,30.0,34.0,28.2974764,95.41122824,6.141502001,182.4482352,coconut
19.0,30.0,30.0,29.56549169,91.40896307,5.826381164,224.83157290000003,coconut
31.0,13.0,33.0,29.69952329,95.21224392,6.342463714,148.30036919999995,coconut
17.0,29.0,26.0,26.14162144,93.28415295,6.071897347,195.4115025,coconut
2.0,30.0,30.0,26.00175125,94.79998418,6.331051715,209.540094,coconut
30.0,13.0,25.0,27.15116142,91.48889469,6.413184638,164.9182225,coconut
8.0,15.0,33.0,28.97318719,98.09861043,5.50158009,213.9011021,coconut
18.0,12.0,35.0,26.13958446,96.38580769,6.338720873,131.3387935,coconut
8.0,28.0,30.0,25.51618488,94.33465411,6.015672239,135.1272491,coconut
40.0,22.0,29.0,27.55821802,99.98187601,5.735364307,174.62564809999995,coconut
27.0,10.0,33.0,27.81132822,97.48410555,6.465906333,154.06212209999995,coconut
21.0,20.0,31.0,25.60033702,99.7240104,5.855457599,165.82487319999996,coconut
3.0,9.0,35.0,26.91641934,99.84671638,6.318552972999999,225.6323656,coconut
22.0,16.0,27.0,29.1797902,90.27214288,6.006784979,188.9252083,coconut
27.0,8.0,30.0,26.44600063,98.29937782,6.008386282999999,221.2258168,coconut
22.0,8.0,33.0,28.43572863,95.8840407,5.665785202,203.9283708,coconut
28.0,27.0,32.0,28.94099669,93.00109012,5.764615485,191.7723087,coconut
23.0,21.0,26.0,26.45488737,93.45042636,5.901495543999999,149.2220255,coconut
37.0,5.0,34.0,25.79490531,93.84150618,5.779032666,152.42387119999995,coconut
19.0,26.0,29.0,26.93141945,98.80313612,5.67154928,166.5712879,coconut
133.0,47.0,24.0,24.40228894,79.19732001,7.231324765,90.8022356,cotton
136.0,36.0,20.0,23.09595631,84.86275707,6.925412377000001,71.29581071,cotton
104.0,47.0,18.0,23.9656349,76.97696717,7.633437412,90.75616738,cotton
133.0,47.0,23.0,24.88738107,75.62137159,6.827354668,89.76050416,cotton
126.0,38.0,23.0,25.36243778,83.63276077,6.176716425,88.43618918,cotton
126.0,50.0,19.0,24.69457084,81.7358876,6.6287228360000015,78.58494391,cotton
113.0,41.0,20.0,25.0017188,80.53965818,7.256877571,96.32600992,cotton
121.0,45.0,22.0,22.45942937,81.30681027,6.443785385,64.23026638,cotton
121.0,47.0,16.0,23.60564038,79.29573149,7.7232401510000015,72.49800885,cotton
129.0,60.0,22.0,24.58453146,79.12404171,5.947448589,71.94608134,cotton
107.0,45.0,25.0,23.0865933,83.55546146,7.2277455160000015,71.84080724,cotton
122.0,59.0,18.0,23.5000992,83.63488952,6.219469084,79.81328183,cotton
140.0,38.0,15.0,24.1472953,75.88298598,6.021439523,69.91563467,cotton
102.0,49.0,21.0,24.69315538,84.84422454,6.253343655,89.799462,cotton
111.0,40.0,25.0,24.48469200000001,84.44932014,6.187455798999999,90.94342484,cotton
131.0,35.0,18.0,24.49112609,82.24415809,7.0576933660000005,64.02949379,cotton
135.0,43.0,16.0,23.47986888,81.73049149,6.720449769,86.76287924,cotton
100.0,46.0,18.0,24.18586246,76.04203958,6.4316895060000006,69.08056728,cotton
123.0,39.0,24.0,25.00755095,78.17952126,7.453106264,86.06411872,cotton
117.0,56.0,15.0,25.99237426,77.0543546,7.368258226,89.1188212,cotton
121.0,36.0,24.0,23.66457347,81.69105088,7.352401887,99.36898373,cotton
101.0,58.0,18.0,25.66891439,81.38103349,6.652143699,78.59595817,cotton
107.0,42.0,24.0,22.04612876,84.62978302,6.144631795,86.00758678,cotton
100.0,41.0,22.0,22.4204752,84.55794703,7.318802162000001,93.46595573,cotton
125.0,39.0,21.0,25.03149561,82.21276599,7.954629324,95.0191318,cotton
105.0,60.0,23.0,23.53371386,77.21705554,6.207652157,87.54004943,cotton
102.0,46.0,19.0,22.77076388,82.5993307,6.631005298,81.49543437,cotton
131.0,49.0,22.0,25.49848236,79.9751579,7.306918817000001,67.05961949,cotton
139.0,35.0,15.0,25.248679,83.4630147,5.898293044,86.55517751,cotton
108.0,36.0,19.0,22.78249615,77.51235009,7.238566893,64.61444234,cotton
118.0,45.0,23.0,23.37044424,77.43198948,7.977651226,71.67870701,cotton
107.0,51.0,22.0,24.86560781,78.22080815,5.983075895,79.56866268,cotton
125.0,60.0,17.0,24.14386157,84.51591287,6.785723961,80.36146974,cotton
113.0,37.0,20.0,25.03300222,79.04368718,7.393441155,97.10087029,cotton
131.0,52.0,16.0,23.65724079,84.47601498,6.486068274,88.54479121,cotton
115.0,48.0,16.0,25.54359718,84.09229796,7.175934962,88.94245493,cotton
113.0,38.0,25.0,22.00085141,79.47270984,7.388265887999999,90.42224164,cotton
111.0,41.0,18.0,23.64328417,78.1258666,6.10539819,80.96157332,cotton
111.0,53.0,19.0,23.96436009,78.02763149,6.419536555,84.63148859,cotton
122.0,48.0,16.0,24.65425757,75.6350708,6.307585854,61.82980133,cotton
108.0,46.0,17.0,24.3017998,84.87668973,6.93221485,65.0247867,cotton
132.0,41.0,22.0,24.29144926,81.02453404,7.810865753,90.41694635,cotton
103.0,42.0,17.0,24.29470232,84.61527627,6.527541661,81.05902285,cotton
133.0,50.0,25.0,25.72180042,81.19666206,7.569454601,99.93100821,cotton
127.0,37.0,18.0,24.87663664,76.30050373,7.041065585,91.9223468,cotton
110.0,39.0,25.0,22.60612115,77.34264002,7.208795456,75.13617229,cotton
131.0,38.0,19.0,23.86814008,75.68339729,6.814341946,90.4547185,cotton
108.0,38.0,24.0,23.41022496,76.43836957,7.442217061,78.82199603,cotton
122.0,40.0,17.0,24.96440768,81.31677618,6.854558957,80.03995829,cotton
111.0,50.0,15.0,25.16820129,80.30351815,7.884550475,84.62419032,cotton
140.0,40.0,17.0,22.72767171,77.07598065,6.006085786,77.55176318,cotton
100.0,40.0,20.0,22.45145981,76.25674874,7.432043735,86.84998693,cotton
123.0,50.0,16.0,23.04920461,75.53835214,6.498052108,70.65644296,cotton
107.0,36.0,21.0,25.29250148,75.66653335,6.205263534,62.64174227,cotton
118.0,50.0,19.0,22.95604064,82.33733678,6.360812227,66.48339303,cotton
103.0,51.0,20.0,22.80213132,84.14668447,7.0466074339999984,91.6389565,cotton
133.0,57.0,19.0,23.54234715,75.98203329,7.947011366,84.12536744,cotton
129.0,47.0,20.0,24.41212325,80.80343786,6.281913857999999,98.60457373,cotton
116.0,52.0,19.0,22.94276687,75.37170612,6.114525877,67.08022574,cotton
114.0,40.0,23.0,25.53676123,81.13668716,6.7539780610000015,95.4262599,cotton
131.0,60.0,17.0,25.32023717,81.79475917,7.4250413160000015,83.46532547,cotton
107.0,43.0,18.0,22.426733,81.53480799,6.745104394,65.54475812,cotton
123.0,44.0,21.0,25.78544484,75.00539324,7.6411165689999985,91.39578861,cotton
112.0,49.0,25.0,25.68959532,77.90621048,6.470135478,66.19426787,cotton
119.0,44.0,15.0,22.14593688,82.85975490000001,7.091992365,60.65381719,cotton
130.0,59.0,19.0,25.07278712,82.50257909,6.520403794,93.51042684,cotton
127.0,53.0,24.0,22.21506982,76.17851932,6.127939627999999,70.40557612,cotton
134.0,52.0,18.0,23.9643129,76.59175937,7.994679507000001,76.13090645,cotton
109.0,36.0,18.0,25.40059227,76.53237965,7.524707577,62.51388670000001,cotton
100.0,48.0,17.0,23.7805123,83.03878838,7.827877817999999,66.26555904,cotton
132.0,52.0,19.0,24.16402322,76.7433897,6.436691764,61.94626051,cotton
102.0,37.0,25.0,25.31468463,77.91757121,5.907930899,72.82902109,cotton
111.0,39.0,22.0,22.60361557,80.35090459999998,6.135025006,88.57395505,cotton
117.0,51.0,15.0,22.9535715,78.71555832,6.044556594,99.75336197,cotton
136.0,36.0,24.0,22.74446976,80.41198458,7.59781958,90.07326633,cotton
134.0,56.0,18.0,23.80834611,83.91902605,6.691268104,70.97358303,cotton
112.0,54.0,15.0,25.46228792,81.56641891,6.1754923060000015,76.88582484,cotton
105.0,56.0,15.0,25.96779712,81.97904282,7.272316208999999,74.14169043,cotton
140.0,45.0,15.0,25.5308271,80.04662756,5.801047545,99.39557151,cotton
126.0,46.0,25.0,24.43847399,81.69801729,6.757457943,60.79645852,cotton
106.0,49.0,24.0,23.03887865,76.47039772,6.983395572999999,90.64770699,cotton
121.0,53.0,19.0,23.51308653,76.72621429,7.976889497999999,80.11272117,cotton
108.0,60.0,17.0,22.75805656,76.75768356,6.558902588,97.76600619,cotton
116.0,56.0,17.0,24.71252544,77.7293114,7.979090365,85.24963302,cotton
100.0,52.0,19.0,23.45969093,82.44777468,7.903528672999999,93.50153555,cotton
129.0,43.0,16.0,25.5503704,77.85055621,6.73210948,78.58488484,cotton
118.0,44.0,23.0,22.08458267,82.82904143,6.6916904760000016,67.06459777,cotton
117.0,43.0,25.0,24.68854799,78.51206972,7.839849298,69.31153566,cotton
126.0,37.0,21.0,25.84997269,84.16855231,6.61448588,77.03421249,cotton
120.0,48.0,16.0,22.46054478,75.40989245,7.456971816,71.85436078,cotton
102.0,45.0,16.0,23.65629976,77.52425987,7.2942193,74.8984994,cotton
131.0,56.0,20.0,22.00817088,81.83896111,7.762647875,92.23645249,cotton
114.0,40.0,17.0,24.32630461,80.13456404,6.363406102000001,69.45072055,cotton
101.0,37.0,18.0,22.92360984,82.68738535,7.63737841,92.91915074,cotton
106.0,46.0,20.0,23.43821725,78.63388824,6.2006719760000015,81.15072105,cotton
113.0,38.0,20.0,22.10718988,78.58320116,6.364729934,74.94136567,cotton
102.0,53.0,21.0,23.03814028,76.11021529,6.913678684,91.49697481,cotton
110.0,39.0,18.0,24.54795322,75.39752705,7.766259768999999,63.88079866,cotton
107.0,58.0,15.0,23.73868041,75.77503808,7.55606399,76.63669195,cotton
120.0,60.0,15.0,22.31871914,83.86129998,7.288377241,65.35747011,cotton
89.0,47.0,38.0,25.52468965,72.24850829,6.002524871,151.8869972,jute
60.0,37.0,39.0,26.59104992,82.94164078,6.033485257000001,161.2469997,jute
63.0,41.0,45.0,25.29781791,86.88705350000002,7.121933578999999,196.6249511,jute
86.0,40.0,39.0,25.72100868,88.16513579,6.207459637,175.60866969999995,jute
96.0,41.0,40.0,23.58419277,72.00460848,6.090060478,190.4242157,jute
100.0,35.0,36.0,25.31042337,72.01364411,6.346715209,190.5577618,jute
63.0,37.0,43.0,23.41798979,85.08640476,6.661957897000001,185.7446728,jute
70.0,43.0,40.0,24.35564134,88.80391021,6.176860192,169.11680280000004,jute
67.0,55.0,44.0,26.284017,75.14640198,7.251847296,182.2685447,jute
74.0,40.0,40.0,25.13842773,83.12053888,6.386259977999999,169.33884650000005,jute
89.0,53.0,44.0,24.88692811,71.91711523,7.319735475,150.2498675,jute
74.0,46.0,45.0,25.75734909,88.36668522,6.025028997000001,189.4263485,jute
89.0,41.0,38.0,23.12844351,74.68322732,6.344751947000001,199.83629130000003,jute
60.0,55.0,40.0,24.9949957,88.95692783,7.02777956,151.4935635,jute
67.0,43.0,38.0,25.21622704,70.88259632,7.299304715,195.8645552,jute
70.0,38.0,35.0,24.39736241,79.26861738,7.014063944,164.2697011,jute
74.0,49.0,38.0,23.31410442,71.4509053,7.4880144039999985,164.49703730000004,jute
90.0,40.0,39.0,25.72668885,81.86171563,6.626503893,191.9649389,jute
82.0,35.0,44.0,26.96656378,78.21047693,6.239011,169.8391177,jute
73.0,45.0,37.0,23.70467146,74.63745355,6.742688094,181.2783964,jute
85.0,53.0,38.0,24.90075709,73.84186449,6.588017308,153.8990984,jute
81.0,56.0,36.0,23.39605743,72.60512854,7.097586415,174.78764109999997,jute
84.0,55.0,38.0,26.8748389,79.78725152,6.956682742999999,173.1017097,jute
80.0,45.0,42.0,23.1426498,74.99739774,7.380396262,151.9035477,jute
76.0,54.0,45.0,24.29496635,77.62976013,6.176618831,184.9800516,jute
76.0,56.0,39.0,24.39459498,89.89106506,6.551130445,197.1220049,jute
81.0,40.0,45.0,25.7629429,80.76238215,6.427726565,174.5071843,jute
76.0,44.0,45.0,25.4879684,84.48235878,6.740947635,168.7848886,jute
69.0,47.0,40.0,25.37122686,76.2403666,6.130136384,183.8270791,jute
82.0,40.0,45.0,26.21312799,81.70476368,6.667633355,180.1237765,jute
69.0,57.0,35.0,24.30748599,78.54340987,6.1868143920000005,186.2337571,jute
81.0,36.0,38.0,23.76554749,87.98329901,6.334837865,150.31661519999997,jute
67.0,60.0,38.0,24.79853023,78.53037059,7.16214284,162.2847429,jute
72.0,51.0,40.0,23.20683504,74.09956958,7.422318499,199.4766779,jute
65.0,39.0,45.0,23.66805429,70.89000744,6.768001309,184.4633281,jute
78.0,50.0,43.0,25.12417673,85.72530641,6.348441469,159.5718087,jute
77.0,52.0,41.0,23.89069041,83.46409075,6.097294061,167.72306319999996,jute
89.0,52.0,42.0,23.09433785,81.45139295,6.14132902,196.6587013,jute
62.0,49.0,37.0,24.21744605,82.85284045,7.479248124,166.13658859999995,jute
90.0,48.0,45.0,24.06475727,71.31342851,6.509174788999999,153.63902119999997,jute
66.0,47.0,36.0,24.85441411,74.44070479999998,6.57256106,175.572958,jute
80.0,52.0,39.0,26.41915161,76.85691248,7.165696848,197.2101782,jute
89.0,52.0,45.0,24.89326318,77.01222585,7.207457207999999,196.469984,jute
77.0,51.0,44.0,23.25583402,82.7015932,7.124333547000001,166.2160846,jute
94.0,37.0,41.0,24.7634518,87.06071115,6.4635387070000005,179.1630865,jute
75.0,41.0,35.0,24.97042599,78.62697699,6.856833064,166.6415254,jute
60.0,55.0,36.0,26.12797248,80.49172597,7.132389299,150.6326874,jute
62.0,56.0,35.0,25.97825807,81.65769588,6.235357637999999,163.3488091,jute
84.0,40.0,42.0,26.2830571,73.35763537,6.704273839,186.6898282,jute
100.0,56.0,40.0,26.38905406,83.31240346,7.433313409,176.1516409,jute
75.0,56.0,44.0,25.2746335,73.7459581,6.109478059,168.0432282,jute
78.0,46.0,42.0,23.09499564,78.45959697,7.095413294,155.3851533,jute
82.0,48.0,36.0,25.79351957,81.76904006,6.352076782999999,193.2418382,jute
100.0,58.0,41.0,23.17403323,87.88255345,6.6587699910000016,160.6217342,jute
88.0,50.0,40.0,25.63215038,79.95150917,7.0518224720000005,182.2582277,jute
67.0,41.0,40.0,25.84879500000001,87.81661683,7.333143205,152.6194403,jute
72.0,42.0,43.0,26.56767277,80.90424543,6.352771037,181.2915605,jute
89.0,40.0,43.0,26.24532085,72.97198375,7.124050134,189.9711184,jute
89.0,57.0,43.0,26.91515043,73.19897535,6.998787171,177.22330480000005,jute
61.0,41.0,44.0,24.36972377,82.11319791,6.537914957999999,159.92109340000005,jute
79.0,45.0,43.0,25.71901283,79.15532398,7.171054239,187.1735424,jute
84.0,40.0,43.0,25.01157559,88.33130229999998,7.228268227999999,169.4168014,jute
98.0,43.0,35.0,25.40785911,76.44048625,7.319952206,188.6372826,jute
75.0,36.0,44.0,23.28081,74.27607475,6.613341342999999,153.7447398,jute
89.0,58.0,35.0,23.98651719,82.09053379,6.096838784,167.0576456,jute
91.0,41.0,37.0,24.48556447,83.20630007,6.132570522999999,192.2316221,jute
77.0,48.0,36.0,25.86705009,84.09985284,7.36008498,154.83908469999997,jute
66.0,58.0,35.0,23.5643831,79.46283115,7.321619041,185.25947,jute
62.0,59.0,41.0,24.2248758,74.89465426,7.175170657000001,192.4931257,jute
82.0,35.0,35.0,25.49386782,86.97061481,7.299076163,176.5268267,jute
61.0,41.0,35.0,24.97178693,79.47557931,6.842966478999998,195.7571622,jute
99.0,57.0,38.0,24.80624984,82.09281674,6.356295567999999,156.3616174,jute
70.0,42.0,43.0,23.16814977,76.66724969,6.508342839,157.1215052,jute
90.0,59.0,35.0,24.25133493,89.86454053,7.098227926,175.1742112,jute
73.0,43.0,42.0,26.58361011,78.00774772,6.310699968,154.8238864,jute
67.0,46.0,44.0,26.82489244,78.20392774,7.093328631,153.91998069999997,jute
84.0,37.0,42.0,25.49674786,81.13449097,6.691074249,169.92882340000003,jute
72.0,41.0,36.0,24.09874353,80.57226761,6.187746776,176.8604109,jute
71.0,56.0,37.0,23.18866654,86.20899734,6.491506245,176.103677,jute
64.0,53.0,38.0,26.24347471,78.51063754,6.855362875,183.4065252,jute
65.0,54.0,39.0,23.75091572,71.14782585,7.124571593,160.0889553,jute
60.0,58.0,37.0,26.13871511,79.1188943,6.067302109,171.4892533,jute
86.0,39.0,43.0,26.14576648,71.23690851,6.432051512,193.1007598,jute
90.0,50.0,44.0,26.91643698,73.48655995,6.253408852000001,171.4716375,jute
91.0,38.0,36.0,26.5232969,77.17331847,7.287318722999999,157.8548562,jute
87.0,48.0,38.0,23.81579631,80.94023552,7.161865733,190.312216,jute
72.0,41.0,36.0,26.50838667,86.84264005,6.065898282999999,152.9801697,jute
71.0,54.0,35.0,26.63952463,70.95705996,7.311077075,199.3355744,jute
82.0,46.0,41.0,23.325013100000003,79.79609448,6.581693772,187.3096148,jute
71.0,52.0,43.0,26.47549543,73.96164569,6.732826127,180.2513601,jute
80.0,43.0,43.0,23.78756036,74.36794079,6.014572075,172.64426540000005,jute
77.0,55.0,43.0,25.49941707,75.99987588,6.663559451,193.71418280000003,jute
95.0,57.0,41.0,23.24925555,73.65346838,6.434610995,184.7674863,jute
63.0,47.0,35.0,26.98582182,89.05587886,7.432768147000001,193.8778713,jute
93.0,43.0,38.0,23.61475336,86.14290267,6.987332927000001,150.2355238,jute
87.0,44.0,43.0,23.87484465,86.79261344,6.718725189,177.5147313,jute
88.0,52.0,39.0,23.92887902,88.07112278,6.880204617,154.6608736,jute
90.0,39.0,37.0,24.81441246,81.68688879,6.86106911,190.7886386,jute
90.0,39.0,43.0,24.44743944,82.286484,6.7693455,190.9684885,jute
84.0,38.0,43.0,26.57421679,73.81994896,7.26158085,159.3223075,jute
91.0,21.0,26.0,26.33377983,57.36469955,7.261313694,191.6549412,coffee
107.0,21.0,26.0,26.45288458,55.32222678,7.235070264,144.68613359999995,coffee
83.0,38.0,35.0,25.70822684,52.88667115,7.18915558,136.73250919999998,coffee
108.0,24.0,31.0,24.12832546,56.18107663,6.431899747999999,147.27578180000003,coffee
116.0,28.0,34.0,23.44372334,60.39523266,6.42321105,122.2103248,coffee
116.0,23.0,25.0,23.4123707,52.26994674,6.869720196,139.3670753,coffee
109.0,31.0,27.0,23.05951896,50.40609436,6.973839707000001,164.4971875,coffee
89.0,25.0,34.0,23.07895447,63.65861483,7.184801627000001,129.8765443,coffee
118.0,18.0,32.0,27.6496114,51.11044023,6.351823783,122.8392822,coffee
111.0,32.0,34.0,25.46743689,69.35161206,6.392048018,171.37644619999998,coffee
84.0,36.0,28.0,26.7350622,55.55164819,6.119892347,140.63052130000003,coffee
85.0,33.0,25.0,26.20811417,52.50987966,6.910823945,189.0944824,coffee
99.0,15.0,27.0,27.0424167,57.27927475,6.501157208,165.6872119,coffee
81.0,30.0,31.0,24.65090184,51.93952357,7.027585558999999,135.1386537,coffee
95.0,39.0,29.0,27.35152643,55.99375012,7.13411409,148.98125249999995,coffee
81.0,34.0,30.0,25.17787724,62.26244581,6.6477659970000005,135.0119649,coffee
80.0,15.0,28.0,23.11438731,68.00096043,6.703270635,161.8944624,coffee
104.0,20.0,26.0,27.22783677,52.95261751,7.493191968,175.7260273,coffee
109.0,29.0,28.0,23.26316991,60.51600210000001,6.724688502999999,194.1755471,coffee
100.0,32.0,26.0,25.234661,57.53161469,6.043485685,124.2261737,coffee
100.0,24.0,28.0,25.59535262,57.72920846,7.101661011,195.7733251,coffee
83.0,21.0,28.0,25.5674832,60.49244602,7.466900682999999,190.2257843,coffee
120.0,23.0,28.0,25.67324193,51.29043632,6.877799264,196.2736367,coffee
104.0,26.0,30.0,24.40726724,62.65692638,6.410992833,148.6977358,coffee
108.0,33.0,31.0,23.69287069,66.76090123,7.393825704,144.6576424,coffee
91.0,25.0,26.0,24.53460016,66.99765375,7.482414225,180.5059257,coffee
86.0,26.0,27.0,27.13140403,52.89368299,6.081172981,192.4280381,coffee
98.0,18.0,27.0,27.56088634,68.49299897,6.516312148,167.43580749999995,coffee
111.0,27.0,31.0,23.59302313,55.27564977,6.0433309510000015,191.3980675,coffee
84.0,39.0,35.0,23.17714381,52.13864034,6.959404135,117.3113562,coffee
98.0,27.0,27.0,24.71384065,51.29142534,7.238109556,197.6439711,coffee
118.0,21.0,34.0,24.38534644,64.72543073,7.234258375,119.6324109,coffee
103.0,27.0,31.0,27.15998538,51.59100753,6.691541233,126.1752206,coffee
82.0,24.0,33.0,26.53543168,67.09608099,6.809593554,120.6494434,coffee
86.0,31.0,35.0,27.01207284,60.76645256,6.485761419,191.4508931,coffee
88.0,35.0,35.0,27.55906475,58.45742907,6.784460602,117.9389993,coffee
84.0,27.0,29.0,23.32293161,53.00366334,7.167092586,168.26442869999997,coffee
120.0,40.0,33.0,24.23850608,54.30329632,6.73410539,115.1564012,coffee
106.0,40.0,30.0,23.42611644,64.10651528,6.779984384,122.6847408,coffee
113.0,21.0,33.0,26.02241444,55.83288958,7.277422737999999,176.90209240000004,coffee
117.0,34.0,25.0,24.83846178,56.7685316,7.21270048,124.4135035,coffee
80.0,30.0,25.0,26.24092174,65.64381357,7.487266991,148.37712019999995,coffee
88.0,21.0,27.0,24.43011925,66.02411187,7.231166546,181.6368274,coffee
113.0,33.0,34.0,26.00373964,62.144510200000006,6.559817161000002,153.477776,coffee
87.0,23.0,28.0,26.22367404,62.26594559,6.979590627,193.7461968,coffee
113.0,15.0,29.0,27.09617155,63.55324262,6.779230041,190.2440566,coffee
98.0,29.0,30.0,25.64004392,61.03273481,6.217974349,199.4735636,coffee
97.0,29.0,27.0,27.74576987,54.36976075,7.205078785,139.8619431,coffee
85.0,35.0,32.0,26.24928198,54.28617819,6.854011265,133.1120232,coffee
82.0,29.0,35.0,26.67377159,52.24226285,6.246872394,156.15438980000005,coffee
103.0,33.0,25.0,27.10210397,55.74973320000001,6.911066044,139.5013171,coffee
112.0,17.0,28.0,27.62975458,61.26002598,6.777417989,196.6492664,coffee
99.0,19.0,33.0,27.536454700000004,55.51673151,6.273741983,130.6377143,coffee
120.0,20.0,34.0,23.56960509,50.56339727,6.906124587000001,130.3797119,coffee
114.0,27.0,28.0,24.99451759,57.93250202,7.162802357,192.8736822,coffee
100.0,40.0,35.0,27.56441788,54.41094079,6.9557873510000015,177.816092,coffee
108.0,35.0,25.0,23.98143338,61.10935084,6.971963169,161.5279095,coffee
115.0,31.0,30.0,24.22984659,67.37768353,6.840927967000001,122.4073418,coffee
87.0,28.0,30.0,25.60153969,68.66257977,6.536676653,168.8383605,coffee
82.0,24.0,26.0,24.31274458,53.57285558,6.089443602999999,184.4103931,coffee
94.0,26.0,27.0,26.36629861,52.25738495,7.456460375,177.31761609999995,coffee
87.0,28.0,35.0,26.5602777,57.1621814,6.759211911,152.0616227,coffee
118.0,40.0,35.0,26.35034208,58.50650238,7.460174812000001,121.5586297,coffee
87.0,38.0,29.0,25.20406808,57.88370456,6.652642579,156.1457255,coffee
92.0,40.0,30.0,23.35723208,55.18792166,6.026287448,171.6976946,coffee
97.0,22.0,26.0,23.60567546,59.68849145,6.074190142000001,185.1568059,coffee
99.0,40.0,32.0,24.18471151,69.94807345,7.0455430560000005,163.27087319999995,coffee
89.0,28.0,33.0,26.44414097,53.83876189,6.9932360010000005,175.3723314,coffee
112.0,39.0,29.0,26.12492233,63.37479229,6.726528895,147.8035305,coffee
111.0,28.0,26.0,27.77363343,64.47858698,6.937352845,192.7121236,coffee
114.0,20.0,26.0,25.55656667,62.67087838,7.27905689,193.5866233,coffee
117.0,26.0,30.0,27.92374437,67.96910852,7.079850922,115.2325531,coffee
111.0,29.0,31.0,26.05968403,52.31098539,6.136286518,161.3432535,coffee
119.0,30.0,28.0,26.35770906,64.57578034,6.5052036960000015,163.62694960000005,coffee
116.0,40.0,33.0,24.91370487,54.15319242,7.042089492000001,129.5481144,coffee
95.0,37.0,35.0,27.31317116,68.42333909999999,6.348337518999998,192.4288139,coffee
86.0,40.0,33.0,26.1387869,52.26311691,7.432322234,136.3027766,coffee
117.0,37.0,32.0,23.1069385,67.06230539,6.787658922,162.57696059999995,coffee
105.0,18.0,35.0,23.52648086,68.44030686,6.743417121,171.8839938,coffee
109.0,23.0,25.0,25.11711046,68.48030408,7.00733163,194.8773479,coffee
80.0,18.0,31.0,24.02952505,58.84880599,7.303033217,134.6803969,coffee
101.0,31.0,26.0,26.70897548,69.71184111,6.861235184,158.86088869999998,coffee
103.0,33.0,33.0,26.71717393,50.50148528,7.131435858,126.8073984,coffee
93.0,26.0,27.0,24.59245684,56.46829641,7.288211994,137.70440469999997,coffee
104.0,35.0,28.0,27.51006055,50.66687215,6.983732393,143.9955548,coffee
116.0,36.0,25.0,27.57847581,58.52534263,6.172090205,156.6810374,coffee
107.0,38.0,29.0,26.65069302,57.56695719,6.35118177,145.105065,coffee
101.0,33.0,33.0,26.97251562,62.0183627,6.908671378999999,142.8610793,coffee
107.0,31.0,31.0,23.17124551,52.97841162,6.766184468,153.12016440000005,coffee
99.0,16.0,30.0,23.52652084,65.44340921,6.392791654,186.1728203,coffee
103.0,40.0,30.0,27.30901814,55.196224,6.3483162570000005,141.48316440000005,coffee
118.0,31.0,34.0,27.54823036,62.88179198,6.123796057000001,181.4170812,coffee
106.0,21.0,35.0,25.627355,57.04151119,7.4285236339999985,188.5506536,coffee
116.0,38.0,34.0,23.29250318,50.04557009,6.020947179,183.468585,coffee
97.0,35.0,26.0,24.91461008,53.74144743,6.334610249,166.2549307,coffee
107.0,34.0,32.0,26.77463708,66.4132686,6.78006386,177.7745075,coffee
99.0,15.0,27.0,27.41711238,56.63636248,6.086922359,127.92461000000002,coffee
118.0,33.0,30.0,24.13179691,67.22512329,6.362607851,173.32283859999995,coffee
117.0,32.0,34.0,26.2724184,52.12739421,6.758792552,127.1752928,coffee
104.0,18.0,30.0,23.60301571,60.39647474,6.779832611000002,140.9370415,coffee
118.21291803991332,40.590099072011974,47.378124652099075,25.008409226889867,71.04831361057924,6.105830265124181,80.92223714057556,tomato
114.25519131622794,56.645596145017805,58.952001779466286,26.861119812993408,77.71808861592322,6.000224987806955,94.74953661147202,tomato
104.50790469369805,53.09155144970937,50.762045333655806,20.996489796275675,75.37973367340926,6.101753715092252,60.030040702970865,tomato
105.496137284227,45.40422257303806,48.79998179635261,25.188403862271343,75.51228767383859,6.505020988871383,82.02919048687886,tomato
118.77309590890576,50.67435568277956,43.934522393753106,26.668441413188397,61.13531185244403,6.8801852658939655,74.40346747579805,tomato
115.29481359501679,57.63492505827783,44.840894521907046,26.59546077426201,66.32616216081674,6.166094597335462,77.84226210927619,tomato
103.87911083790726,59.64017807659121,58.22980913202419,26.70831211554985,77.16353924958027,6.114005798287335,87.82740621942587,tomato
109.5830184990979,42.31277915287048,56.899382791532965,20.807613305043468,71.2943316337706,6.973831942970434,65.37145364222538,tomato
111.66676656016004,45.69501597425878,49.487310348568556,26.623929340367305,66.00816436317503,6.452785314332538,76.64583525322271,tomato
116.23843636531223,53.07342043261548,52.76985807498566,21.96887217347577,67.64096682082177,6.958715015539075,87.38236608924277,tomato
110.15188076464707,42.39056224530467,49.57323334273301,22.943764241371895,61.40220761255959,6.378082111785966,85.553301614787,tomato
105.04488319761442,45.43474334879113,54.02409081323915,22.08314934375238,68.8323658897005,6.915629381551966,88.96237128949731,tomato
114.23505394287848,52.41458664628018,46.22107022687179,22.190111420626376,71.68343807736692,6.2640282948243895,89.09888625775616,tomato
117.95268954534944,46.80075184335569,46.440117335152244,25.94520777086073,75.85033091086007,6.266966810683346,71.41273412951874,tomato
117.89982235288225,42.33538408447569,55.468847681736406,22.758561135822518,65.43154213720547,6.400333826027554,65.72223298436101,tomato
104.4094399726781,49.940721713717515,40.87247065140245,24.268672383866097,76.71777424234253,6.522868846545489,69.32987016680858,tomato
103.61744397570416,40.67359338152395,50.25804999118378,24.332531303093134,78.47879375330366,6.593599499730856,60.71491216334542,tomato
104.42810906395752,42.59104950047936,43.70867033698729,24.628352042244103,62.64031816029929,6.120372567353828,94.12327791346237,tomato
102.33040094902508,56.92007085218704,54.7514037053606,23.384149078875645,78.27190341379374,6.726635807197569,99.79141534976934,tomato
112.0289443667423,44.97793060832025,58.20667220111607,22.626878108330516,60.523391335339205,6.515763951750927,76.83043228941851,tomato
106.72660739310014,49.75605545228245,46.278378214031505,26.465623535957484,61.39979848646601,6.727546037848741,63.67544809708316,tomato
114.18357034897714,59.91646096251133,49.982794864752044,24.031818853622074,63.52668463935473,6.151310329527103,92.95045695338194,tomato
101.56736382502244,40.30117062208839,55.016391740746144,21.498594083242757,73.25890323373034,6.1906191431453115,74.11348852432347,tomato
114.52427352680569,45.44067780856041,45.04258221449761,20.826757984070674,71.56271157093687,6.387224376424971,61.68392742814448,tomato
115.28564712513989,57.28921187400829,58.02004141887757,22.265645821892953,64.54987670282163,6.751478907135834,97.04570185420656,tomato
106.69781886526286,46.242281899569946,45.01655463290046,26.49142791183154,79.51321396087857,6.401409762854745,66.16686504358239,tomato
111.47907683231834,41.113665112171894,50.33682188366798,22.35713761066881,79.64945542945331,6.0876019594892075,72.59016553631211,tomato
117.54142448723877,48.94050518232071,55.263249572540985,21.015953596566128,73.15052544504476,6.655840679951874,98.13115294567866,tomato
117.58290793203011,58.908785161213686,46.70760394737208,22.95219828326318,76.90376933286174,6.014321290262535,89.98035210398207,tomato
106.98085962950384,44.143156267875625,41.474080118840114,23.751347384730373,79.33937544547142,6.957252485327632,75.62833044616632,tomato
115.4543087366203,42.52334098295385,57.02482511299111,23.053208741156034,72.48101411487599,6.683249651600489,61.813355084754676,tomato
113.74991852203574,51.20705952006281,49.44454926559942,22.50237831909282,74.02750948944465,6.907109279740398,71.59646713900182,tomato
105.46669054854365,40.2438134692563,59.52563930238075,21.44025234709697,60.44041857350122,6.972620273974468,83.87367898314122,tomato
101.78739822832897,59.77213004244033,42.72078028682403,25.367717086896086,63.546644609474725,6.291301961118801,93.09151578497932,tomato
107.65671840276467,55.92080055387501,40.62801570725701,23.162887453328718,67.25477839072693,6.733033558604913,80.29747939318604,tomato
114.18455212077573,56.4841363216111,40.583979639717846,25.917799804813026,75.50497015689082,6.542502941539067,69.91052826940121,tomato
118.04996479829383,44.71892375161604,48.03518614069243,23.42983766910245,74.14122856284628,6.482650771951018,89.78400313492158,tomato
111.50976129432955,53.78015428832547,46.16315778108184,21.815091190029033,70.81990244474203,6.499673213375662,78.93328413881775,tomato
108.87746901979699,50.0244479901889,59.445279100467005,25.488549228031612,62.50146675719068,6.617085960822363,74.2918790278104,tomato
110.14370877853511,52.549463744743804,44.416006566469605,20.37574721500263,72.57704495318768,6.008395342860764,62.461910762281484,tomato
114.5905636064798,51.55069977695663,47.26833697009495,26.695182833199418,66.76323701736679,6.86709465467693,95.21314872686658,tomato
111.73609092469825,52.298765957538194,54.619204352848975,21.454921614958273,64.894266486505,6.970667850707587,69.37791083175449,tomato
100.53752270817952,40.9052231335541,54.41189403517994,22.15389218479885,63.5332964889952,6.03044817360429,75.28155559868435,tomato
101.4807318028559,43.293713974992635,58.92431491967098,26.232222809910553,76.88031545487725,6.382017601056563,92.47093984889642,tomato
111.57915214183,40.962881261736804,48.399247042709845,24.583182464311236,75.820915252618,6.514683825228319,99.46047822633832,tomato
115.54054527232522,49.31000234985838,48.92644246357449,26.771767732841806,68.2376771534982,6.618405611140389,89.69125952343437,tomato
109.32763346588587,58.24605015632607,54.84658145443076,25.535424451707183,77.57520056941539,6.3570362308334145,69.81128300378592,tomato
107.9770585827805,46.40043356012289,44.33331623573981,25.156838214411785,61.813035587638275,6.543237999833776,99.1893444932107,tomato
112.06052897506507,47.0079040391217,56.11859876156986,26.243687818393287,69.80499284509939,6.93735916157058,90.63117034669934,tomato
102.59380411825325,56.706745202959695,48.960772376118314,24.722108233940837,74.6891169029533,6.723388286980224,62.537772162888075,tomato
102.4451562734849,41.01209718038968,54.311475130160176,21.142177387836206,63.44298150177093,6.443048649209484,89.910498992835,tomato
104.48497482916109,40.81573688102393,46.400537238549084,20.097566696378074,76.58327963327207,6.9532943039044035,71.77620590226057,tomato
104.92292639899028,49.787954962004434,58.560374262434976,22.935206651631916,75.3811586822148,6.988339599392463,91.82018229878182,tomato
103.54848922878539,56.56906214175838,54.46111839420428,26.564216103312766,72.75775278549628,6.806895705921748,81.93226719136061,tomato
108.03120236815626,49.72190362021409,40.1149522634256,21.245299512817432,73.40212941718957,6.371839403686626,90.05050623319929,tomato
110.10894443770064,52.75501676883188,48.78767433190639,26.146984840178554,72.4741978354504,6.57137956579509,80.69827571180298,tomato
116.68753473874597,46.524045834833835,55.44180309468514,26.958098379372004,64.8288450646567,6.398251326894142,74.55671093252417,tomato
104.89469164842461,51.047024696720385,46.634465777806724,21.48173089592864,78.63653036343392,6.146776335565767,66.34136705019368,tomato
105.41648014305703,51.34485981621915,51.07479849221846,20.637377246017113,74.99599174000085,6.133656402232997,76.52420620949265,tomato
113.05510143467589,54.034873291663594,43.822861123755864,24.389357916524602,74.4479424553698,6.070934653566575,93.40665191795458,tomato
109.24624076759119,45.56517938199755,48.39416907557856,23.775201315257952,71.94019931806497,6.47452972604401,77.6516002924319,tomato
105.20576126580724,40.222578683679664,58.27667910171044,23.337694059281667,67.43466813061008,6.7018021115584325,97.69771224073284,tomato
110.15619744504777,49.5505194372885,49.869814211232736,20.58167473920935,66.20713340064468,6.4546376678554935,77.979419872914,tomato
113.94794568091628,42.103135988972625,58.16793442870238,21.07055492584382,74.89342368289627,6.738695749371293,81.10818606993176,tomato
118.19425229298768,55.164444359121596,44.09466565535452,22.23203826874045,71.93390126007482,6.612469207766813,79.77118525818497,tomato
113.505019171743,59.895234224489286,46.79632580094476,24.619863950155732,66.76442389999943,6.326559977822811,93.25772747828333,tomato
103.64946696116938,43.481018295248965,40.5043052174394,20.02231401303206,66.55212182253337,6.962407088064433,70.63709516682619,tomato
102.78495974624363,46.88902035466009,46.91806650186633,20.261800201948308,75.07992667831033,6.7201673492345275,67.64874647861896,tomato
103.02504327698969,41.176792678246926,44.69424414369878,26.02313340516246,74.21895815445387,6.495885979465984,83.00961446919922,tomato
118.6658007828237,43.82590525479452,46.18939805998149,24.362241372698914,77.01012000418939,6.854257163898858,72.09614745583364,tomato
100.1498318408461,41.20313738919163,57.709935457340265,26.426260194870203,75.80509404129951,6.5035272764861904,91.58618362390652,tomato
114.5736127339994,41.7516316795221,53.25498535951442,20.2736959451079,61.83783333604114,6.032651629587631,76.92312594386777,tomato
116.149916803522,56.00545265054653,52.81904210522846,23.673161780214464,69.04775196957503,6.154458425668276,93.87491511251633,tomato
101.24664825548923,44.38911230179832,47.12520450107098,21.903246107362026,66.21563617076689,6.87804706065092,93.2853507593332,tomato
112.45759718751748,49.50208422720908,49.88079834473132,26.268633509379676,66.1255150745518,6.637946863903996,97.3164781745582,tomato
111.59144569650677,59.26225485073735,41.5822203569751,26.11025806654616,63.704961831179936,6.132780302669055,76.30564254579726,tomato
107.25090983455084,48.16059918506665,57.788488024552365,23.619449905156156,64.89314693576867,6.8654611547279965,62.63139932797455,tomato
117.38117116260301,57.81287936286662,55.04686500332329,20.375731969363574,79.01603354824266,6.030190654682984,73.66230046365044,tomato
100.63319702581335,52.93750019963499,42.6620002722663,24.523027277734958,70.18922840099779,6.02206825043358,72.92635139039837,tomato
109.16819708942407,57.45500464497207,44.9258477726529,20.33119365912219,79.35642472573193,6.092412649665919,89.29892062802674,tomato
106.27915599269065,57.48750461392773,45.808875854063515,23.857873328078522,78.33456745311446,6.212638954981839,71.96912399843691,tomato
109.36487303185609,59.98163595586328,52.60573762279865,20.048622563286912,73.42112132372779,6.505455736990913,72.342324267843,tomato
105.70131438430504,54.04094106402048,50.021773254503664,21.946471093438813,74.33448859547478,6.0529021895021975,84.39813346001901,tomato
107.05852932640101,42.626333347020385,40.70872974041991,24.50426214595824,68.445138590217,6.854052792012106,99.07414159089316,tomato
106.14845199161195,47.13683869124525,53.76897314400665,21.194687998939557,74.70148359731934,6.411374058898148,78.13439978197584,tomato
103.56770115530836,59.603229709399955,58.67297690321588,21.719283355730735,63.23877778762706,6.551948229195485,76.78995467421124,tomato
100.65309068737578,47.304252931913005,40.5693148800548,21.396051461727296,69.12211492451277,6.438315734511595,92.7194893427982,tomato
105.09971489590541,46.144515163992864,52.492844507439344,24.717759723282267,77.22494343788931,6.3988955599786514,93.7005503935757,tomato
105.29964953190442,52.0380251064791,54.658597444137264,24.091075171263977,64.2766416312871,6.983525121886426,72.6852635934371,tomato
101.19931969289811,51.35440285120556,49.118519189888616,24.689326716262986,64.75054416774506,6.2798985862970795,97.29225567018074,tomato
117.54040554349055,52.752569951229184,50.88324185995381,26.33819199460858,73.32861079101363,6.0547942119738165,95.76907897330726,tomato
109.89366095516131,43.42614565292925,50.832963297222435,21.45694052816359,71.1425752291786,6.438693902548478,85.12235131542867,tomato
103.79799339299772,57.290123092248876,40.785363874900945,24.430807474700316,70.90078920310052,6.489158688203695,98.67614266686809,tomato
109.4857727405921,40.97394291025869,55.297009745750884,23.96675783383182,77.47083617905409,6.066705003455681,98.57935586557852,tomato
102.28957354855903,49.23595722361891,55.62981850387423,26.290021474995704,61.711049356526054,6.882114669780757,96.00801022848793,tomato
105.67569006311696,41.172194439519174,55.17802989378289,21.458781686170003,61.55121375165369,6.4008192655479474,94.78526942312843,tomato
112.93303307826474,44.073383167309515,43.75518540366138,23.519375610026707,63.31267163988049,6.439936538942735,85.73403155569967,tomato
112.68462011088467,59.20418048326722,49.44291997571442,24.42129096574148,63.138395760939396,6.379978214662039,97.593541537025,tomato
107.9067906649495,42.84183486005406,40.894655313965465,24.692060098464637,64.90103479359095,6.180656984485243,84.56957879082682,tomato
115.82463949657436,56.09278222220581,43.241548415096354,20.545600153312506,77.89005721932725,6.970467478657167,78.31215213891987,tomato
140.47709747757094,41.19643120460094,90.24408747372757,19.277630937025034,77.39377730482362,6.0369559068320715,50.788174206449746,potato
130.26538426586407,40.547866322799756,98.27033025658596,15.415019085908575,81.71449097779744,5.975610759498924,79.49286165813025,potato
133.32296033416648,48.01097472010058,97.25322463119656,17.33917438296397,72.19930275017174,5.538322850918838,65.81284251082737,potato
132.48955270911725,45.04171623218969,95.64296871957634,18.40999996322378,72.57140709138427,6.043103861084067,86.35070661841746,potato
122.81334360598184,45.13549652742233,81.03248805796913,18.986104157994575,84.28719554789373,5.980393927250558,73.8189712942274,potato
142.44448887406116,57.67919958132518,116.96079681900443,17.72181930647824,77.54172799339271,5.4808299560295435,81.01434314413291,potato
135.66618319769975,53.34159185065034,94.57697249698217,16.078862518075717,78.4453910157861,5.794882908590219,88.18379684791056,potato
149.5803413424422,51.831141779021564,107.33280435103632,19.752126815234934,75.77239297882508,5.567294255815956,50.68310923105887,potato
133.6161774029611,59.70539715583447,100.69791308865578,15.701060113472343,87.31311383810939,6.112869971512593,51.519219627358595,potato
121.6618899098296,47.4275419290412,97.74972289635747,17.55305194321165,88.5613447647873,5.912364673248278,82.62920008728844,potato
134.84247864070883,50.21656242993366,91.43826619080667,17.300035756037957,83.65121754381929,6.308041776900116,83.33875815012375,potato
131.01508081696682,55.23583680703697,92.74882294726481,16.209736637135933,81.7614428848646,5.956654898988069,64.97921341799837,potato
134.256708351469,44.03794849296255,115.36356600505124,18.58855829394788,71.16184151195876,6.439150465033805,54.08005471945464,potato
139.57770833195036,45.17061913712166,108.94745345558596,18.80785233547736,78.39681411080224,5.308182449150529,86.62792276045116,potato
146.2878089605734,42.47950765339846,86.26249628980638,16.848232456097218,87.34874863275321,5.133095367142242,50.822287858527936,potato
136.31983039818263,57.041858716445326,91.0123511639757,17.089610145153337,84.59957001165768,5.627521589831082,84.93025186629205,potato
131.47883640785332,53.774307222591894,89.36744614337935,15.011525662181597,88.90239996364433,6.247524048499199,65.44137894568566,potato
121.73632391566946,56.69102311790499,87.79905666307023,16.63829696956215,81.45266771833506,6.449319186869697,92.14245887425031,potato
125.69901994809567,45.102188856524606,115.56859720878415,18.447599532280947,88.82420507893501,5.319061542940136,89.28895575722717,potato
134.66031333748833,45.702438082707346,108.42206974320169,19.23105810514471,86.82427476870683,5.57575663042389,72.15971818610024,potato
134.5480709111404,52.518427068071816,105.03592413971663,15.245177254116236,78.46794780499542,5.973688013969123,65.52831998679011,potato
128.92199106766066,54.798249793251365,112.94159458142714,16.254799907649062,75.62596207082511,6.31167205614201,89.24861567112933,potato
129.0982463862438,47.33875772419619,113.5813854580412,19.715247162120743,73.71005069841829,6.250973313682351,67.72222323174782,potato
135.87231946784635,40.232072284563905,82.49271161895149,18.127710730154266,72.75720009955126,5.014118234559263,73.00153744626262,potato
143.08367406818672,41.653576759080366,115.64870727234634,15.818335452331556,88.59035770168714,5.678777493695445,78.3847106588695,potato
136.62342234594007,47.53630623001632,111.56941834089491,18.30209763466485,87.57405209224228,5.554508061271633,65.56882707217369,potato
120.19814697274586,58.72811109815483,113.29095022489219,15.016191149750968,74.49428141590943,6.017213497950559,95.7589871133944,potato
146.9371226442189,43.382102135291206,84.35131821147347,19.174460924146853,78.47478535233091,6.22767155814352,82.58408648988103,potato
131.42564164460788,55.8274687801124,98.55912490018368,18.540639544799102,72.39706705414146,5.035571951257681,89.91917387954746,potato
139.74222164477743,49.05110374841671,104.32130905162853,18.698421582741613,82.443913850663,5.3157921513590445,61.95455112684172,potato
125.76968591207167,50.178392287224995,108.95788475360405,18.725077285375992,86.86127060641763,6.378498149339858,83.82346660545483,potato
147.38667451852456,43.96896584656384,114.12824930345676,15.911527185358082,77.78116554946628,5.6600878147935125,55.9286954342365,potato
133.0881512927918,43.20330969767289,84.21721402480561,15.946995208376713,73.15235885978217,5.135310593435153,87.59156502232204,potato
133.01117689143106,54.46467849693971,85.46641449419302,19.65036376515311,70.35288611021298,5.226673693634503,97.0040202806293,potato
142.70409183672479,55.29222766641146,119.0054169936464,17.712001853652332,76.72783014397498,5.409298050715918,98.37966054784992,potato
126.85014407800881,57.546614051436244,82.02329340662085,16.401599448649428,88.88591367506115,6.119980219086998,97.9728058764877,potato
135.1462866492804,52.31372284258327,96.59035527194206,19.83454525192309,76.18419005632416,6.216105026309879,77.52288803001896,potato
128.75546362924553,54.56109925663918,102.66095796638513,18.050683008898407,82.22012743612362,5.062839559642532,96.52785100454088,potato
124.09867521868591,52.06849496579803,95.80295399514789,18.74341515505269,78.82975258900642,6.2837464724922265,70.51998359592595,potato
130.54276964941857,49.821551922376564,97.05690254079504,16.677864606804448,75.00467082396398,5.361766853303785,98.93253235319459,potato
147.66509229130412,57.277148390162466,118.72174654017604,17.62432292958813,72.12738051157184,5.078163793367724,80.36598393207176,potato
133.87146953474655,57.783821365575676,111.7279524924769,16.684662061065435,72.29056875258303,5.5847495231883855,64.6783816167342,potato
120.43859143547047,59.59805815402856,95.09263581532706,19.65035250356669,85.63608435655668,5.763399783800187,88.31450352538678,potato
143.77886668457484,54.04114549211275,119.03481240407623,19.33668936202737,82.46506447649742,5.87143190263788,65.540879310903,potato
135.13492694285486,45.2698158962332,109.65005390315156,19.640829231936596,77.8927895968265,5.640324606276968,91.90861074188547,potato
135.49920546776858,59.283328453622566,115.0822674434632,16.287097011721684,85.7664485303633,5.988412412594577,55.35229080441816,potato
121.95889957092122,50.61277235575189,84.0264811819028,17.3623211030349,80.0266679387546,6.463391362514535,54.330712703653596,potato
141.35782061295177,44.543805740876515,100.08944770016915,15.46288268906023,89.97571855377836,5.563561626948456,77.44733830532076,potato
147.9561746503872,53.893804971546956,106.28702035616638,16.811076132606797,73.60819177027166,6.110056409854476,82.94291574115894,potato
143.62208128190218,57.66734731558507,116.15432662943502,16.81280103589446,71.83803695003873,5.322846042659369,66.30074492559304,potato
147.97968774329016,51.735754473481485,118.35503698392837,18.04056772432578,74.52086052533322,5.625692841979809,70.03816609570106,potato
134.156078773528,51.89244662270628,114.17426274060087,17.925031957747375,83.85746890884293,5.094851467702092,67.76460248986743,potato
120.51682984128747,55.346493291226416,108.32498649178308,19.64833651157246,89.53033559628497,6.46465613433427,90.69373275989186,potato
136.72578551030693,51.29284361358199,111.46449023334625,19.72081571907329,82.50823896993849,6.052369172439074,96.13136205792345,potato
145.49710633688355,59.523279954733944,101.75442358139003,15.776841417914111,88.25650255267851,5.0531598579517505,64.20811146049232,potato
137.13709865082618,51.840568263958986,104.70169485344482,16.192174371539295,79.0778582955922,5.000643529700974,80.02640385849787,potato
142.41624114607964,56.250382982111084,105.76197338219158,15.32349626333995,72.91414338026141,6.09519385426829,50.74113431972913,potato
141.19544407145617,42.10234748219099,89.68146326214621,19.369562795172595,71.4376891908588,5.823718317807489,69.12786612055524,potato
122.31561826394133,52.923892887219566,108.5548356112762,19.12255236952582,88.47525256969772,5.346188801280652,54.554500325303465,potato
147.51576268910392,46.82971496287277,103.48469420604155,15.312490776111199,82.09224695267488,5.40065638020773,98.74009842838647,potato
133.10168351892798,47.553570565606876,102.45372862949571,19.8951979498716,89.48018011919518,5.721337112358745,79.55390452354402,potato
131.69974921124953,57.743061322098015,111.81399677822478,17.226668220563962,75.82780039240022,5.845343668344833,57.903476188192414,potato
149.3016670917343,57.1778451556045,101.19644314440782,18.426152715986067,79.57984411558337,5.351883107717302,52.658143453728876,potato
145.75496014778457,55.54095494429775,104.96009028244364,17.907191604497495,74.1144587214844,6.184840906216848,50.42324697341602,potato
138.02207216912493,48.04369353405636,90.90583967723057,15.923605415981369,79.52064601122792,5.906908985197018,87.74435178650364,potato
149.11889748716987,59.68513923112135,108.47809534018674,16.323058934930856,80.06154624336865,6.012314208329526,70.10212793729008,potato
131.2290569432995,56.26722030285596,87.02457131254342,18.907427569707874,77.45623245743688,6.364635523707298,90.12756563259964,potato
120.8182448255959,40.228392105308245,108.92155650319671,15.69267154886481,84.65825412152557,6.415081360616597,59.384853681606224,potato
123.47952041075591,40.20290649157926,107.73555328100963,19.188682811832035,72.23728761227663,6.374986761519098,80.76211951156533,potato
127.10787215600087,55.426228947477135,113.53024375595169,18.782330959373482,71.56444541548053,6.340951542680964,66.19759856269233,potato
135.0170712767501,51.61785015661224,86.12706433820132,15.484077471431009,84.23418432689367,5.730693183659618,56.110538772894316,potato
135.9785447559111,42.25695015926411,103.64356991586925,18.77500132614297,80.920179985046,5.291278054162143,81.35765771712718,potato
129.68518226582012,49.032635134243094,80.56238947784449,15.75170512276426,78.26947641699682,5.392311241770484,94.09798314046026,potato
143.96263305575684,53.15240710801168,107.99807342140315,17.83219240047353,71.44205191772515,6.144836290565499,59.838456581832986,potato
145.0484474646852,43.73097221187641,104.06090018312464,18.998829186132276,78.25628095739671,5.988264948903143,78.53236946671345,potato
134.31651843444226,58.839877133289114,94.01552442689209,19.6479751386296,84.18963668356973,6.285758818853756,87.80572902114177,potato
134.9280427270527,40.22426303940014,85.86873781149882,15.79612144583321,83.09498265555214,5.131121441012289,71.62418607747601,potato
126.42081503079562,51.67550937642163,112.00754839601967,18.671280252204546,86.15735374479276,6.495057019678985,72.98285522615554,potato
133.46156965961677,43.27904420673133,101.73418996384854,19.87221461758697,77.07998620896271,6.218151348474555,79.91037596130843,potato
123.83984676752381,42.153891419800274,99.05351242377084,15.453072904368955,82.41907429419943,5.646866898000843,64.34711221223908,potato
147.05341994307224,55.26975383105547,103.69069622530077,17.29593788582648,83.89352432144743,6.294965623257523,65.90801543072268,potato
121.51740284173499,49.17165692971748,107.21250057261527,16.41603917786154,75.05898703938993,5.26110037315975,75.9269594667644,potato
120.80121884611079,41.965872666553686,112.46647410496853,16.87917944553673,71.61623625031066,5.0144745000235975,96.86803727965638,potato
125.88074885089857,51.85547326847619,109.33847959843564,16.498094734041462,70.12992412015089,5.772487972344944,95.83287929882982,potato
136.97844503688012,46.0070099683907,81.69503684594926,19.45501475083907,81.80738965367854,6.383794618854916,61.27381508337244,potato
127.57152650988628,42.36756349204819,86.95236666241942,19.30563360557404,79.17859331553274,5.822069180827972,87.31889440515837,potato
130.13978985171383,52.85192479690007,116.50583882986793,17.46351223371651,83.96570304046574,6.178515458028286,91.29989520437208,potato
138.53774990134875,55.435757026195475,116.91228004558992,15.04743471540581,82.0933538484783,6.406838330887997,61.267023190261895,potato
127.89448418186909,58.44780553774995,117.71060224523336,19.26340709452589,80.40035136105887,5.80350243175887,87.69564418049106,potato
124.49567959383961,44.55172678009125,113.24657286187335,16.749264636788865,84.06142398146892,6.158473109754629,87.27600292399168,potato
146.86567792876278,58.21014700053324,118.07627778431143,15.061430725897441,89.95743507237229,5.308035517791073,55.160799003108984,potato
125.93239126667177,44.50558461392594,89.3477552798514,16.982930177141043,80.30336074413617,5.138779515936666,58.24563315898866,potato
148.32137191023182,49.15468077011855,94.13419103963616,15.332064633875431,79.01023560814471,6.243440819721508,88.33558942746572,potato
141.523748051545,40.35372290484124,99.06843971434299,18.376692562967367,78.75293550857502,5.81986658161569,99.66840723684062,potato
143.01158711113425,40.92226341326453,115.71926192772523,19.457585263032165,89.95704188373412,5.119662009315372,92.65888740851888,potato
124.74100679201683,56.49597748461356,90.60875687576178,18.13512635091401,71.68664153094225,6.192268218044199,88.81604852990725,potato
126.30710812628068,55.94390557961623,105.5999389709373,15.480402051095922,84.68807049101753,6.376524976120496,70.11388305728899,potato
145.4057080796324,41.042369943325596,88.99666625155415,19.90745675554473,85.7191984621549,6.206598432403893,57.19994734896346,potato
126.80786866470883,54.041447754367795,108.83253858197857,15.445548859366248,80.85931735663023,6.312210345926785,99.18580693077077,potato
126.96505385189798,56.698951852237684,96.75271250187431,17.44336585188335,81.54197779914733,5.678380832299416,64.61622273385768,potato
106.27798490835876,42.02965428126679,84.93782567164455,17.88650629819779,60.88138209941652,7.039118271167956,37.54073257657177,onion
107.70833555417757,50.179888587919805,90.02958769390906,19.31359291849826,62.87076530990489,6.601450255000463,62.04018641924264,onion
113.12208569556499,52.38681263839006,92.73186642576405,13.26560537261011,67.94909633470995,6.728426982277133,65.6291697948075,onion
106.32050021938848,57.97187770385828,90.29635395700197,17.233616053838986,67.74836777756182,6.959938784968546,46.47599958386891,onion
100.46839876781974,58.71320034573894,95.05034480899693,21.918158731479025,61.318364702200654,7.352128236197313,54.477283610174084,onion
113.13649530537194,48.476471067575076,88.38022298080654,22.46705606452918,74.37666197864733,6.852517195054553,71.80556840317925,onion
107.45402349321296,54.47117565226796,95.5885087764689,13.511190016805381,74.14181435642463,6.117729614113725,35.44777842203683,onion
114.33707698375031,57.1193854591735,89.14114919042183,16.823168713338607,61.01061445453287,6.4446448583516,44.418624058190275,onion
115.1826225577088,55.12231870675511,84.15480987060052,20.294556051079752,71.44535605055692,7.373301808264596,74.51409998276065,onion
103.3462205369564,52.12302073525829,84.22691282048119,17.347363201909808,68.83534787769534,7.348147746631575,45.73146689583493,onion
105.17692905074998,47.43813272720298,97.19325880483835,16.096241111657495,64.98911130892789,6.61937767258329,47.581976214909815,onion
113.24152097399616,42.59516443029584,87.50561268341093,15.669551634320609,74.56963036020642,7.344184791936632,34.59895386459007,onion
100.49189137187967,42.67190150461753,99.43343482788868,13.297436685700156,68.39185848639666,6.774861029336314,40.30737824759457,onion
113.69518084771863,40.15152001739643,81.10986235245883,22.60002756983907,74.03416251959791,6.360256582146616,48.098640622980994,onion
101.57685974757479,49.30924418175988,88.06353659957786,21.46597104095042,61.808503988840336,7.2760216360564565,67.81334367923336,onion
101.71560980879877,43.56262160773711,86.04203914555254,18.87888287894485,64.659931149124,7.347956076360255,62.313662863874825,onion
102.12071990736993,50.0729430382371,98.77580389021479,20.529266004529443,69.50063152274537,6.5485783396707395,33.611311310793305,onion
101.519979548138,40.785546703335726,96.25569006798005,20.27189368915916,72.7100578932801,7.058618155479536,47.93044463283172,onion
110.7183513860071,58.17206584968426,95.09783259047117,20.331794391398315,68.48440781510932,6.977250822559839,34.763522046592605,onion
115.62035281989768,52.672279313744724,89.33022074080773,15.14225728103137,69.45218343232968,6.093019885843621,57.7086094071536,onion
115.75899509807738,42.875208815492456,96.34350310201009,16.26988927945844,60.359156612186595,6.41325221339666,40.99645725357819,onion
108.31863777104323,42.46829023411614,88.98485193416339,17.649082247540747,73.73110766386066,7.431314916605178,73.64234146973018,onion
110.97221366006474,52.80428247189714,82.94755447340884,17.58264357254061,69.87004122133166,6.146283546699341,73.19725440723488,onion
101.4659239438284,46.240284944019166,96.52403104777483,19.287038953620716,72.14680681308991,6.912500987012073,48.43996496066236,onion
104.16678593324448,47.84995217994612,90.10060954497122,19.43574423075348,64.22637442075963,6.463665692241937,39.832824587576546,onion
118.64447687225395,46.307772610438874,84.37170037007049,23.795904772877893,67.95627429188616,6.947622719983926,47.663362185050396,onion
115.67063767107025,47.6176051777915,90.51315018305141,20.970892070255175,67.65039594794156,6.034926140803714,60.073532215441375,onion
114.62129564480047,57.571777532464615,86.08912424424857,19.0806196909035,69.12851962355559,6.213479375577548,67.80626955655114,onion
110.2217071605614,57.57436667543992,97.69774578835788,19.762666081078596,65.79381841469636,6.145728760366266,63.89823850770367,onion
109.82419588822145,46.1542712600469,98.75388060896458,21.804103722950043,69.30760293754813,6.854760148410165,43.19128561885775,onion
115.95758940852761,40.14700338282613,96.94378699897462,17.272345092926788,67.21798528342232,6.89846212178591,54.29713433451273,onion
118.38677189603933,40.91018757936955,92.85031403146786,16.052239995950945,67.89417637660672,7.431949953094156,39.01961248697643,onion
105.15269182180872,59.29651918710037,85.65603785474724,13.341151082012114,73.42011214349314,6.119533733400816,68.43909852912998,onion
100.9774000914635,55.008349120154264,87.92032888349173,14.960567499483279,64.55173053679984,6.668606686370377,37.30649660106199,onion
102.48115460685908,44.25649760143321,82.1020233113382,16.032655132385596,62.35265170339214,7.327471512401568,43.709702390795314,onion
101.25222880452117,55.54822950642713,86.84712780776333,20.537484497854766,71.20999470755265,7.310523058929576,58.39757398845557,onion
109.57938153847869,45.973337629923364,81.27101819716248,22.454003606837418,66.60709390195363,6.585033563505041,34.467345900496106,onion
105.34876008747935,53.684076707184644,85.56515862800185,16.17604158822909,63.00954773341416,6.802486319456748,56.496348603398175,onion
102.12317112173395,58.7821397168435,80.29187319932248,21.17153823573763,74.1532631351306,7.052981183527724,59.541253423474046,onion
101.10147202052208,45.448324614762974,99.9628416575609,23.193019478467995,62.99561437670849,7.449380928375526,74.62672007380996,onion
110.20966783749041,42.53794946079999,85.64129357212848,20.240665051029133,69.98154310339018,7.4109674601232065,41.72569620222365,onion
107.35366199219406,49.92425126851939,87.26617083918956,15.702840038517547,62.952247632968444,7.320628168340791,62.32809056372661,onion
110.89392257744262,46.11595455963185,97.77563036855106,23.18574380997422,72.2449002742291,6.359757760607893,71.58866077819977,onion
102.8909335296191,50.318001644413656,92.82605054940309,16.224030909505977,62.11960315185596,7.463405034286088,30.15073307442696,onion
106.9248962323485,45.01378000364033,80.12275389931057,20.67822010282947,74.88227985284078,7.137775508466502,30.640869048563488,onion
110.24187208084105,44.553850549956536,80.68046456439885,23.6003675014207,72.9260238664164,6.202662626448186,68.33087127738482,onion
105.60740241197733,56.72882817342995,85.61638224425846,15.799621898764489,62.288078696465114,6.6004596025483115,31.73689982811876,onion
111.88009183994899,52.342803333454675,80.35614972446791,17.55718588801598,68.08192410987105,6.240480567812972,40.868919781298814,onion
117.3029715202417,48.56019671371351,89.14889062314474,20.99852184274229,65.91397654534958,6.656669853598893,62.87976180757171,onion
117.22095961182963,47.89784837157571,92.74490215025375,20.970117759182674,71.32634575029645,7.4670025266174775,36.263644036382004,onion
111.16081619256911,48.7152911606037,92.1655095978612,17.72741614215577,71.00472163359674,6.086307627145099,39.92965165374594,onion
107.56777216888676,51.799740845435046,87.46754976847205,16.466156313487723,69.72009788087536,6.999166147042635,65.00210575522645,onion
108.35044017079058,56.41441910178909,83.58721689633249,22.883878363695388,71.72739921721579,6.922860570254517,60.75700442856291,onion
119.4815610368507,50.542640469957675,86.37260866053298,14.24328222256789,72.39828893929185,7.0650426678394975,53.60037535313299,onion
102.26904777022835,47.831871263689195,95.22742159568558,22.515652668530095,60.38378041440527,6.913126842326239,57.963458230984315,onion
114.90891440526241,45.32331955486727,97.7650522312338,18.04561699619117,64.36731158748266,7.161257033442875,31.746460579591748,onion
109.11118154396046,52.89378830772069,89.58881683874621,20.753117835378326,71.58703393163375,6.670715218350621,48.35738803491786,onion
117.39568370120833,57.044696437995626,99.56660063857306,14.891841114014316,60.08751789590338,6.331012050852222,60.3313343916676,onion
103.92284082631669,50.73536724320038,98.55872726535446,23.56643248350245,64.2694497085706,7.307920709165591,39.70553011072266,onion
101.17567547379994,40.75621808232163,80.52665790790435,13.691380953303424,62.62244354657829,6.60331686231312,42.900383706860936,onion
110.44813703288348,54.064713511132055,98.5453772008428,13.300107754619551,72.83294451829971,6.155309922190795,63.3314729965069,onion
100.43117614710343,53.04359932214087,93.88342226915032,21.74446989920506,68.88024420369936,6.596226817747731,54.41105014836146,onion
113.66836745911027,43.9221443520033,99.44925846475117,13.069768119574471,60.848864086646984,6.697252034441441,72.62021185277881,onion
119.3876606894232,40.4737817165321,92.8347248427808,20.12795745410795,69.31352330303528,6.306391828710418,32.97270980225871,onion
113.4231746287953,41.9533040075027,90.58714062464446,23.037786090138447,62.9977951862287,7.273289762417804,67.12711101116005,onion
111.00766066855147,47.689182738824655,92.67012136832221,17.984892694430123,70.21416798866028,7.336109827906636,56.11024758006266,onion
117.18559121483983,52.2509729887702,84.42131111563401,21.34866597576534,66.32095980470082,6.759083334445182,55.84925460550419,onion
103.25962471013621,44.916077285172804,89.46265828074002,16.485140749275565,71.99611573823091,6.272415351323286,35.814379031602165,onion
116.48388402508867,47.73304428835775,87.05208932568489,13.743154847900467,61.04012226120734,6.5473026599143225,62.76807103595734,onion
115.62193138629239,44.4742970032886,87.01397916215346,16.302401107587812,70.35123699014576,6.593039775319326,34.925749784193215,onion
112.64631837421895,41.41172979752839,81.5634339702432,17.52458468493306,71.24899464927974,6.04118924967502,44.029255683272126,onion
115.7492916143302,45.234272343400875,80.0878134344652,21.08372084609246,68.26965216452288,7.187299420813289,45.690190600182746,onion
105.65588802732438,41.204185467631035,98.10809314878126,15.679934358106998,69.62106630015465,6.609902187213583,61.84047061297342,onion
103.69844695209434,51.711114131817986,88.71148324523634,16.706611922803813,71.03999422272396,6.438363082710855,35.33229885240792,onion
101.97984431290973,56.53738575102078,83.84405825949524,13.279916885566012,71.96450997804514,6.697539997552838,62.66283734418444,onion
111.03628930031805,43.58918292655862,84.15729101910179,18.38794891304574,71.00629134314455,6.8842032695162985,51.82971904665995,onion
113.97605965199726,53.72348652202835,83.59126584880009,13.576657111223641,67.67114505738695,7.187883811044659,64.04152034742184,onion
107.97329662920944,58.817293827314074,87.7527783623648,13.640962278084219,64.2778481148261,6.32181951883685,67.13364870279781,onion
114.02284240218303,40.18568907744088,89.27622786507263,17.801743101396973,72.92050136313006,7.226834320713142,53.70632028077202,onion
115.93826715543565,50.02085806753011,86.30312906554684,23.966087065403478,64.15190330691841,6.732646631366247,30.76041298668249,onion
100.67303110133366,46.884748556205395,94.00206620866359,23.63464600244755,66.98205205331463,6.089374366218369,52.64132419834721,onion
118.91550809095527,43.848603552835705,85.11625925115239,14.259032021224652,63.66715746172158,6.474126501757106,69.10726579436717,onion
104.93361806827191,45.36450888825452,98.38318012628118,18.637755714918796,67.3736979500835,7.268253171408072,51.244006547618824,onion
119.90094355760185,55.85882166678441,85.29101357981112,23.301738988421707,69.26713799424256,7.399454454091851,51.96638978481922,onion
107.11991311563806,44.88420992942427,88.22608133736061,13.107593921363074,63.14096569528651,6.1110760104725035,74.29147081305555,onion
118.03826283592564,54.407814500103285,80.69546354254501,21.059541185925944,65.65048562987307,6.874577822833333,53.561505988997226,onion
114.07730499120701,51.5361350699983,88.79620815171782,21.553440504608503,73.77850412592674,6.69762895989447,49.79094104472344,onion
102.79199845421856,41.86436013972283,98.3819306027618,20.24962652420676,71.0203030842831,6.887735464216121,70.9394194166001,onion
100.12774476831281,59.1951101744791,92.35227067850819,18.780572798829837,73.28869226796067,7.445485889504179,31.506782710847755,onion
104.86062507414707,46.225207123274544,82.22388206996585,17.538364010228797,62.136161090505134,7.293697128815171,43.92053996674089,onion
117.24201050384113,49.369416036613394,81.80446806159613,23.15726291192341,63.88456912702046,6.899965209322126,67.83182725799153,onion
114.3447722732969,41.00130011965983,82.381454568921,22.11269828467236,60.35560910323882,6.010455579141095,56.9895368457059,onion
107.99666731261674,52.35045020404853,92.0319054174777,21.685006409101863,68.73152386328856,6.257550821091187,70.16169546726161,onion
116.31616750326354,41.847413026047434,81.73147947323451,13.14565385450172,70.70774576083136,7.077419346758849,47.88413416778478,onion
110.14575631006528,54.906346000967645,84.79669523171157,17.74750173540366,69.08125248371084,6.038981515674815,31.1242761326697,onion
106.55568902802075,56.96273861280198,89.83552743005673,17.457108803054453,65.82312336888937,6.137296727963404,63.969838778203055,onion
103.99152795249907,46.70391027361686,95.89020057345739,23.624602526276448,62.838834540717585,6.3285703211348725,61.62241794952564,onion
103.54006875398316,59.196479933968945,87.3504271646813,14.435026648600253,67.50861534298474,6.290527914391295,44.69906367726147,onion
104.35322756610019,48.189797534805344,80.59410633690246,16.46309470244213,67.03109759563947,6.476641366568467,50.943786157391514,onion
107.23740365430427,58.78351639001929,81.32946243511964,19.8251061852715,67.0557866030383,7.019074812685574,32.67668611021075,onion
70.83487367045107,43.98106470939163,82.5701478588309,17.697223027603187,67.55130606380322,5.534568368260393,77.01760769425195,carrot
78.33895945394016,41.18889031128695,92.12651860489125,17.904182878668347,67.75285344314446,6.197720937752959,53.05445130417716,carrot
76.57728831002852,43.59763798508947,99.0913291285531,19.863354889669075,70.92685409060807,6.194283372502371,52.53235767308549,carrot
60.70166814106115,55.74334695260137,88.30709598563715,17.11178265300387,78.18422603822152,6.900736798277473,88.83930995341277,carrot
63.66666389114104,58.65899203128349,80.22441286784617,18.812493972685893,76.83250494137471,6.4717936127413065,99.41634808816227,carrot
64.41686354307203,44.99725775789405,98.76609013640055,18.089011424801807,60.458285099213434,6.648176167509005,54.65035058673766,carrot
75.33968937541971,54.54927944951862,89.2489851876863,16.717987036250662,76.08321588284669,6.931449246086188,73.540096519623,carrot
78.29949428256276,52.6635114525226,93.93670221921228,15.292950222402638,75.24813099011574,5.513312502286276,60.93632169212418,carrot
60.05880746501154,50.35723909459836,86.1873185592654,17.560659578973564,68.15984953775744,6.865932273860762,62.40615157627585,carrot
69.36525378476787,58.97000181138233,90.66013280304185,18.760156578238913,68.75837682699407,5.832685664500827,50.73776454747463,carrot
61.36124283861224,42.78743260463338,93.96627775775164,16.464571234715677,67.02176013694931,5.557125106780028,95.65996931379811,carrot
78.93391852135741,42.51465352835493,97.95118966661968,19.743740921898514,71.33388814504376,6.747655001355454,90.12339183606807,carrot
67.20118714012081,55.803207533788466,82.40275015243263,15.502317974564408,76.11001889839142,6.706460083354283,56.215599718254595,carrot
69.8739432437851,51.0308839657601,96.84819274122238,17.732326463633846,74.926965654067,5.925836140083491,80.12021407393331,carrot
72.42430063322325,59.42889012970845,81.26745628256717,17.6229709839467,70.0986606346159,6.477974734607776,90.03561970870209,carrot
79.14305809488138,55.82375788990351,80.91613840907293,16.329945547311326,65.37567198990942,6.473377874427749,78.00732140324348,carrot
62.88256707692809,47.04337107959137,81.41951996587352,19.368055100627764,65.9784021905785,6.296321204555781,63.36066415239542,carrot
65.63776150031909,51.642908092016064,94.66082778703685,18.990872180833232,67.4582043837728,6.363460495344963,90.87348425488437,carrot
77.9177149968745,53.415956226209275,92.36544041844655,19.544296325616457,75.09976843019837,6.013393239228949,62.55873861534031,carrot
70.79338796989553,43.881520972242,80.70715974583302,17.029775209200523,76.43811823544523,5.960888728614675,88.53241241933401,carrot
66.24264473446419,44.09631178723208,87.72835869699558,17.83297253159116,79.05770313120499,5.882076096710726,84.21285279915779,carrot
74.78308017284729,52.92443608257832,99.47164042969159,19.76179727049341,63.18078934981038,6.159449931249788,62.196620464785894,carrot
72.43546250598742,41.754853695692844,97.49311039094532,18.90023934469871,74.21034040375542,6.055085358076612,83.41639705781222,carrot
63.77356689654929,55.31798371198835,93.00717242038914,18.306232180024534,73.23320770899633,6.021566891305488,60.316390977785545,carrot
69.84852134531225,41.090125962663095,99.94221352187111,15.18028948513041,68.76946419812509,6.535342041886204,95.85768928392238,carrot
60.55583769745386,55.85539603679629,89.35384021524291,19.84076336023583,69.34468486743012,6.521160834285636,69.4695012116373,carrot
60.60526234368699,51.851684922135945,94.1361029161767,17.3978581961335,60.029547860129256,6.29587281280951,97.48820511194862,carrot
67.89426809691719,57.509030346354066,93.37613033743565,19.07127350287523,79.23605197436606,6.993789033853613,81.17094173822909,carrot
69.49005913028329,50.47347573241655,82.24894014782707,16.250259221969372,64.27263420563821,6.312681059789702,97.99530699097166,carrot
68.55950444801505,54.61304025012734,98.01168585277684,16.647159925473858,68.41606063090684,5.513061107024659,94.58804309932177,carrot
70.48934689854414,44.027619836145746,80.5540421395247,18.656792819831132,62.462883077122406,5.765737951390597,69.07705817513691,carrot
67.39441001612818,45.81358527820112,81.3534741908812,17.243705584795453,60.00392589408225,5.649652703037724,50.8783190479242,carrot
66.52396102473031,41.609616960464976,95.57336630296484,15.07284503077401,77.67795601122829,6.400941409268231,85.20640618115979,carrot
75.34374414219556,58.581312596056534,96.79094327163469,19.954017327096356,68.69293164147392,6.652252992411037,62.95928956746539,carrot
63.5584869955227,51.576164660755296,89.63202070914319,16.330855645830397,74.45416818765175,5.74367417004198,84.05948973548642,carrot
69.93787119291174,45.006403632376035,82.138466182711,19.85581902398254,77.42789000565115,6.307874307806772,73.12234167351389,carrot
63.930828864739695,58.82682551622146,97.70199466280422,15.017974423762679,79.97744360297716,6.62482412061394,83.49388950480305,carrot
68.47006574439204,59.03702955795827,93.87043174966722,15.659263271839855,70.67691773877482,5.636352092004118,64.71749590446993,carrot
70.30912858874515,43.98561831412477,99.62317678381208,15.528987371204792,72.33975095260251,6.702932951551627,94.10369701690689,carrot
75.94467532693024,47.01562891427132,87.49231683090292,18.32556144766108,60.66296606364236,5.785714924024743,83.45007478365324,carrot
73.37929488377006,50.03131808292479,85.70642725415914,16.100983044726046,79.62553109705942,6.660715083838557,79.10014146061536,carrot
75.08762878339613,54.075193465380934,91.16802529056255,16.534337634209454,75.62533333967609,6.791930327299406,77.44375550100159,carrot
64.69502092998991,57.199214479486486,96.49439337115868,19.950439339204138,68.18874626433123,6.651343022727447,52.36156504886662,carrot
62.39582463839035,45.35021121367837,91.87802438438318,18.02294702815024,69.31180657256499,6.023557581115524,71.11796776438376,carrot
78.38791094052894,46.60530384860822,82.32384989816438,17.670137450437217,66.09401535860661,6.526361104948432,63.47800632706722,carrot
75.91087018285239,49.356450523811574,80.57513474215388,16.008938664452966,62.894549472151816,6.908392474436839,97.54224774643487,carrot
73.83146492049536,41.355932770195295,81.50311493270836,18.489644659544297,70.15910879065765,5.677736751320369,73.49239609243081,carrot
78.14805281366091,40.92468504437324,84.95478778469793,17.097637310840877,65.13382347904911,6.829599321273322,74.99972632396056,carrot
65.07959572924852,54.808394822637524,96.9731608452005,18.297992032208985,64.50191171137995,5.503328736925803,72.28754602112349,carrot
70.60477435173117,58.194915097215684,95.1431887684384,18.365459478016135,65.91450654282019,6.725021127783471,56.93059849996247,carrot
69.50125245189352,45.254149411870394,93.00695513190237,16.154926704242506,73.98527488491808,5.66112343069913,52.46611738922053,carrot
67.5169086919684,49.985731656553604,99.02313797524658,16.49444752683412,78.6311756144384,5.587013003521042,65.3569782148936,carrot
70.43630053354664,57.7402989914159,91.99573356140961,18.118943416158004,64.63663584246,6.840268549239429,94.90339209985848,carrot
77.17644982106701,40.95124464589855,95.47815189047506,16.71835708116585,70.34985412879561,6.80356410757495,78.69386096059326,carrot
72.00783527921207,42.15832540301867,95.40694930705398,19.662227787940108,78.48607816162702,6.94519573195355,78.00873677104863,carrot
76.800392511544,48.700326512814094,91.57138829112927,16.144950039830217,61.92037778923542,5.9463989008897755,99.49322439206372,carrot
79.9087094819578,47.64999549849725,85.53120422103636,18.839301331150516,66.4072854669767,6.988056803427039,85.27395578263517,carrot
61.493387478118684,55.96242556656701,85.66572266591459,15.36128910456729,75.295860740801,5.628150184583883,96.31134005719494,carrot
66.5388851073186,58.17333276611403,98.44328669009607,19.831213846093338,74.38113223824986,6.637483106588402,64.63365461464363,carrot
67.0902395033063,56.224763311317716,88.18963585433197,18.31352029969927,62.83585558903223,6.062703663685552,78.0636092122172,carrot
72.26020162229277,56.39023432393421,82.67699198105126,17.78924875566667,73.74934248380274,5.948528147077821,79.08163069058948,carrot
62.916907719936944,43.82280420665734,92.16341681343307,19.416963734835704,75.45129941320555,6.801810730908452,84.402337756299,carrot
79.05113915095396,59.05272181293734,95.10661125852653,18.235430854007042,65.63743402333908,5.83215270570829,85.21378519813013,carrot
69.87709091390848,55.179453177931464,96.01733992825066,16.959261160538844,77.80873032632556,6.380510992538905,73.28228805896138,carrot
61.14971311862258,51.359649827073724,98.88960672846622,17.88473770809916,61.51418599956072,6.098834010959732,58.17599741060679,carrot
64.72014615314826,43.521219421427176,82.90982739563735,19.035348380983237,75.45328397068715,5.918349571708814,93.94109536322105,carrot
79.8202270939277,41.07756625600495,80.95520958287497,17.309194752186137,67.00742137109764,6.267124736109317,57.98274230750253,carrot
64.56024282212738,50.4800142825047,82.10464984314083,17.444611132161317,70.52513035081672,6.62881476265138,57.70083585653221,carrot
76.1980575573095,46.17482613583505,86.17782501345974,16.25360097399484,71.89729748142219,6.277192354465425,98.34778297835126,carrot
67.5137036965847,46.952446147532996,90.18141315772276,18.774458500150207,61.90627419945795,6.585912811195293,89.00015909361781,carrot
72.96237161398257,57.57697972955529,83.84083253922223,17.75670472390094,75.63564416956244,6.177226998766455,91.70639007499955,carrot
74.8048106354665,58.01351732570952,81.38625921757155,17.978240620714864,78.62121319000896,6.367726638680724,67.98827089194305,carrot
78.97111487531603,41.437932541012806,98.1475892750768,15.604535497453831,66.65245080393706,6.998196901308134,62.56865226569097,carrot
68.66917154915656,56.34134483373438,94.28791442913331,16.101723124209045,65.7040285741968,5.955451131118445,85.7292169569068,carrot
74.46935257221536,45.493851308799215,83.20368238989185,18.52237872425136,69.40056138455638,5.964872728228015,66.67975468767207,carrot
74.36210437087506,49.77681492008913,96.91525017184595,17.38349973795529,73.7080118494919,5.627690602947502,68.138125361472,carrot
75.87706643595929,48.21785787216062,91.73650338319769,16.553811468222957,70.97792667509033,5.559302916848223,52.567220508817535,carrot
73.63528291527538,53.29781464043647,90.92549738667391,16.617523709145548,61.72535929944883,6.135690884498079,66.0186893896893,carrot
78.1458742539039,42.139069291910594,82.95963781625939,19.42087962333592,72.89230320641869,6.075521542400097,64.66337014716527,carrot
71.17055622067375,45.90851882803892,84.11661346734411,16.6602301039938,67.64760544661029,6.348846296257095,60.88604683419629,carrot
74.52858494439472,44.657888562045926,94.32890756119752,15.10743431423016,76.84145871352881,5.549174820564277,76.70035960536165,carrot
67.49268403900965,50.11562601357702,87.6533475606223,15.20312349649103,64.05062434809687,6.661970323048635,83.25071512890906,carrot
60.070283499283114,53.49030256139217,83.7779884967253,16.95131772877011,68.09506575266371,5.661528334905975,60.239353015553114,carrot
78.44423493459425,54.9745616867434,81.83771763141394,15.838872173966513,66.00122818964931,5.617151650225889,72.79741545668918,carrot
60.67974279592986,56.19915104353638,97.71577357887168,16.046142380990926,79.64609960959726,6.447649332326156,80.92086393903307,carrot
74.45623808916513,50.136015651388554,96.48819882339929,17.623908318575474,64.51134984014709,6.798219938492808,60.03822269009738,carrot
67.66924394165376,59.02087880023156,87.53953024394617,15.528419506749641,75.93190462200927,6.416784921529383,56.56752973879992,carrot
75.58236850985638,53.17546039280569,85.61510136787334,19.34006246547706,63.27381454189678,5.7704405617891625,80.30443084028981,carrot
69.92074776992477,58.650723700879716,87.38682352677053,16.60679269240718,61.6266164998015,6.326460569505393,78.99658209650522,carrot
71.65257764191402,46.75545975779958,91.2825433823039,15.191538702402234,73.19548214524926,6.487507715216199,71.97101560425395,carrot
77.21157117213612,58.20675368896124,80.83934581016979,17.04867755539461,77.79915407742422,5.62941460453122,97.06809105804845,carrot
76.17052013319866,41.626175415979404,86.15845173043348,16.910318287382815,75.47409336204295,6.754439433262327,99.02970698343086,carrot
62.428445237983574,50.36222452181745,84.35670551583387,19.614162728812566,65.71715880169187,5.667746341568231,62.37911312567488,carrot
77.99392515972474,49.36900267787934,83.46540844211972,19.639886482997632,76.17967849960496,6.615085127594577,59.569623631116144,carrot
62.734034571469564,51.16049581099108,86.71432932714276,16.063631638076085,70.20395314032073,6.642415970959464,84.9477169356245,carrot
74.83424675138158,59.39949945684876,91.5215951560909,18.71643198260985,66.15958460937748,6.376202852225254,51.75086229128606,carrot
77.01007283957445,50.80466060648112,82.03673299528474,16.740153294101596,62.758527014655414,6.022598475678557,53.280603269644615,carrot
68.32027427262972,53.52979689171598,93.11711287922783,15.951262160239356,72.58579845293082,6.4663969894491276,86.48295788993285,carrot
77.74247952965924,43.75528399738263,98.36925751405919,17.588728708414614,60.1299153272238,6.469592876999817,52.201337901571655,carrot
66.37888034189436,55.367003973339365,96.77442386234993,15.499668602048814,78.22954809091779,6.416823095201988,90.63656833042725,carrot
